guide,guide.r,gene.old,gene,identity,sequence
MYR1,MYR1,TGME49_054470,TGME49_254470,MYR1,GGGACAACACGCCTCTACGG
UPRT,UPRT,TGME49_112480,TGME49_312480,UPRT,GAGGAGGCGAATCAGGCGGT
IST,IST,TGME49_040060,TGME49_240060,IST,GATGCAGGCCAGGCGCTTGG
HCE1,HCE1,TGME49_039010,TGME49_239010,HCE1,GCTATCATTGCCAACACACT
GRA15,GRA15,TGME49_075470,TGME49_275470,GRA15,GCGATCTGTCCGACTCAGTG
ROP16,ROP16,TGME49_062730,TGME49_262730,ROP16,GCTGAAGTAGGTCTCGGTGC
GRA6,GRA6,TGME49_075440,TGME49_275440,GRA6,GTCGCTGTCGCAGCAGACAG
GRA7,GRA7,TGME49_003310,TGME49_203310,GRA7,GCTGGTGGTGAGGTGATCGT
GRA16,GRA16,TGME49_008830,TGME49_208830,GRA16,GTGGCGTCGGAGGCGATCCG
GRA24,GRA24,TGME49_030180,TGME49_230180,GRA24,GATCCAGACTCTCGTTCCTT
ROP18,ROP18,TGME49_005250,TGME49_205250,ROP18,GCCTCTGTCGTACGGACAGA
GRA18,GRA18,TGME49_088840,TGME49_288840,GRA18,GAATCGCGGTGAATGCGGAG
PP2CHN,PP2CHN,TGME49_082055,TGME49_282055,PP2CHN,GCATGGAGCACTGCGAAGAG
ROP47,ROP47,TGME49_061740,TGME49_261740,ROP47,GAAGTGCGTCGGCAGATATA
GRA28,GRA28,TGME49_031960,TGME49_231960,GRA28,GCTAGTTGGCGAGTGCGCTG
GRA25,GRA25,TGME49_090700,TGME49_290700,GRA25,GGAAGAGTATGACTCCATGG
GRA14,GRA14,TGME49_039740,TGME49_239740,GRA14,GCTTCTAACGAGTGAAGCAG
ROP1,ROP1,TGME49_109590,TGME49_309590,ROP1,GCCTACGGAAGAGCAACAGG
TGME49_202200,TGME49-202200,TGME49_002200,TGME49_202200,202200,GTGCGTGTACGCACAGGAGA
TGME49_202620,TGME49-202620,TGME49_002620,TGME49_202620,202620,GCGCTCCTGGCTCTACCAGG
TGME49_217530,TGME49-217530,TGME49_017530,TGME49_217530,217530,GGTCAGCGTGTGCCTCACTC
TGME49_262400,TGME49-262400,TGME49_062400,TGME49_262400,262400,GCTTGCACACGTTGCAGGAG
TGME49_304955,TGME49-304955,TGME49_104955,TGME49_304955,304955,GCCGGCCGCGCATGTGTCTG
TGME49_313440,TGME49-313440,TGME49_113440,TGME49_313440,GRA59,GCGACGGGATAAGGTACGTG
