gene,RPKM_mock_infected,RPKM_RH_infected,RPKM_RHdMYR1_infected,RPKM_RHdMYR1::MYR1_infected,Source
NKX2-8,0.02,0.32,0.00,0.37,Table_S2A
ILDR2,0.01,0.07,0.00,0.04,Table_S2A
INSM1,0.00,0.36,0.00,0.24,Table_S2A
GATA4,0.00,0.06,0.00,0.10,Table_S2A
ZNF541,0.01,0.07,0.00,0.06,Table_S2A
TTC6,0.00,0.03,0.00,0.02,Table_S2A
NPPC,0.06,2.77,0.02,3.82,Table_S2A
KCNG3,0.01,0.31,0.01,0.22,Table_S2A
RBFADN,0.03,0.06,0.00,0.03,Table_S2A
KCNK13,0.07,0.34,0.01,0.48,Table_S2A
RP11-561O23.5,0.00,0.27,0.01,0.08,Table_S2A
ESR2,0.00,0.07,0.00,0.03,Table_S2A
RP11-148K1.12,0.11,0.48,0.02,0.05,Table_S2A
CHRNA3,0.01,0.16,0.01,0.04,Table_S2A
GRM2,0.02,0.16,0.01,0.29,Table_S2A
CCNE2,0.50,6.57,0.25,4.35,Table_S2A
WNT16,0.02,0.13,0.00,0.15,Table_S2A
FAM111B,0.65,11.72,0.46,7.22,Table_S2A
TRIM71,0.01,0.06,0.00,0.01,Table_S2A
KLHL23,0.23,6.12,0.33,3.26,Table_S2A
VASH2,0.05,0.79,0.04,0.53,Table_S2A
TPBGL,0.07,0.53,0.03,0.61,Table_S2A
CHST1,0.12,0.27,0.02,0.24,Table_S2A
NXPH3,0.15,0.24,0.01,0.25,Table_S2A
RP11-6O2.4,0.04,0.32,0.02,0.07,Table_S2A
ZNF367,1.73,9.40,0.62,6.54,Table_S2A
POU3F1,0.04,0.36,0.02,0.33,Table_S2A
FABP5,0.37,4.48,0.31,2.61,Table_S2A
KCNF1,0.42,1.59,0.12,2.79,Table_S2A
RP11-61A14.2,0.15,0.58,0.04,0.10,Table_S2A
LRRC8B,0.04,1.76,0.13,1.57,Table_S2A
LLGL2,0.05,0.12,0.01,0.06,Table_S2A
RAMP2-AS1,0.01,0.17,0.01,0.14,Table_S2A
CCDC88C,0.02,0.16,0.01,0.10,Table_S2A
SHISA2,0.03,0.81,0.06,0.53,Table_S2A
ZBTB8A,0.09,0.43,0.04,0.25,Table_S2A
GJB2,0.08,4.95,0.40,2.26,Table_S2A
FAM27D1,0.05,0.25,0.02,0.22,Table_S2A
AC020907.1,0.02,0.26,0.02,0.22,Table_S2A
GPRASP1,0.02,0.04,0.00,0.03,Table_S2A
PER3,0.62,4.91,0.42,2.78,Table_S2A
RELN,0.01,0.06,0.00,0.03,Table_S2A
AC008738.1,0.37,0.42,0.04,0.69,Table_S2A
FAM161A,0.32,1.29,0.11,0.71,Table_S2A
KIT,2.47,1.23,0.11,0.71,Table_S2A
STOX1,0.05,0.46,0.04,0.31,Table_S2A
ISM1,1.33,3.05,0.29,4.10,Table_S2A
MEX3B,1.09,3.84,0.40,3.17,Table_S2A
POLE2,0.67,2.33,0.24,1.54,Table_S2A
BARX1,0.02,0.39,0.04,0.54,Table_S2A
RP11-58E21.3,0.02,0.19,0.02,0.05,Table_S2A
DDX11-AS1,0.09,0.39,0.04,0.27,Table_S2A
ULBP1,0.73,7.94,0.87,5.54,Table_S2A
SV2B,0.00,0.05,0.01,0.04,Table_S2A
FAM84B,0.12,0.37,0.04,0.22,Table_S2A
LRFN1,0.59,1.80,0.21,2.61,Table_S2A
TMEM100,0.37,2.60,0.31,1.28,Table_S2A
KBTBD11,0.98,4.44,0.54,3.50,Table_S2A
CCDC64,0.04,0.16,0.02,0.16,Table_S2A
PDXP,1.19,4.70,0.58,6.94,Table_S2A
PHACTR3,0.09,0.07,0.01,0.04,Table_S2A
C3orf80,0.79,1.10,0.14,1.06,Table_S2A
COL2A1,0.03,0.13,0.02,0.16,Table_S2A
IRF5,0.05,0.24,0.03,0.25,Table_S2A
MSH6,2.01,7.80,1.06,4.30,Table_S2A
HELLS,0.62,3.07,0.43,2.23,Table_S2A
JAG2,0.15,0.16,0.02,0.10,Table_S2A
FBXL13,0.09,0.28,0.04,0.15,Table_S2A
RNF144A-AS1,0.04,0.28,0.04,0.27,Table_S2A
C2CD4B,0.00,0.35,0.05,0.45,Table_S2A
GPR63,0.05,0.68,0.10,0.40,Table_S2A
TMEM52,0.10,0.36,0.05,0.52,Table_S2A
WNT10B,0.09,0.64,0.10,1.00,Table_S2A
BCL11B,0.08,0.35,0.05,0.23,Table_S2A
ZNF607,0.22,0.45,0.07,0.17,Table_S2A
BARD1,0.58,2.22,0.35,1.35,Table_S2A
PRSS36,0.21,0.25,0.04,0.37,Table_S2A
GARNL3,0.17,0.38,0.06,0.20,Table_S2A
ST3GAL6,0.03,0.07,0.01,0.04,Table_S2A
RP11-13P5.2,0.15,1.40,0.23,0.99,Table_S2A
MSH2,3.21,10.27,1.67,6.55,Table_S2A
CLSPN,0.82,3.89,0.64,2.30,Table_S2A
AGPAT9,0.53,1.59,0.27,1.23,Table_S2A
BCL2,0.40,1.38,0.23,0.78,Table_S2A
CHAC2,0.25,1.39,0.24,0.72,Table_S2A
TMEM221,0.24,0.42,0.07,0.33,Table_S2A
CEBPA,0.35,0.48,0.08,0.81,Table_S2A
SLFNL1,0.19,0.83,0.15,0.75,Table_S2A
RP11-161M6.2,0.22,0.27,0.05,0.20,Table_S2A
CTD-2535L24.2,0.31,1.08,0.20,0.39,Table_S2A
TRPC3,0.19,0.58,0.11,0.33,Table_S2A
RNF32,0.05,0.17,0.03,0.03,Table_S2A
RP11-303E16.8,0.62,1.41,0.26,0.80,Table_S2A
SUV39H2,1.12,3.54,0.65,2.54,Table_S2A
FAM65B,3.77,1.35,0.25,0.97,Table_S2A
MLK4,0.07,0.49,0.09,0.29,Table_S2A
PTGER2,0.53,4.19,0.79,3.27,Table_S2A
RP11-867G23.8,0.22,0.31,0.06,0.38,Table_S2A
TMEM132E,0.13,0.74,0.14,1.03,Table_S2A
CTD-2540B15.11,1.28,1.51,0.29,2.50,Table_S2A
DONSON,3.27,15.33,2.94,10.17,Table_S2A
CD3EAP,1.21,4.91,0.95,4.86,Table_S2A
CREB5,0.89,3.02,0.59,2.26,Table_S2A
NRTN,0.20,0.61,0.12,0.59,Table_S2A
RAD9A,3.73,13.50,2.64,19.12,Table_S2A
TGFBR3L,1.12,1.91,0.38,1.95,Table_S2A
COCH,0.29,0.61,0.12,0.57,Table_S2A
TMPO,4.81,18.34,3.69,11.40,Table_S2A
MSX1,6.08,23.73,4.81,24.73,Table_S2A
TRIM45,0.55,0.77,0.16,0.86,Table_S2A
C6orf141,0.49,1.04,0.21,0.87,Table_S2A
SRSF12,0.08,0.65,0.13,0.38,Table_S2A
FZD3,0.06,0.17,0.03,0.13,Table_S2A
AC005329.7,0.06,0.23,0.05,0.21,Table_S2A
ZIC2,0.00,0.21,0.04,0.12,Table_S2A
CTC-429P9.1,0.48,1.62,0.34,0.82,Table_S2A
DUSP4,2.43,3.37,0.72,3.87,Table_S2A
HAS3,0.30,24.64,5.31,20.21,Table_S2A
MPV17L,0.03,0.11,0.02,0.06,Table_S2A
GMNN,3.48,9.63,2.10,7.36,Table_S2A
SPOCK2,0.05,0.22,0.05,0.32,Table_S2A
FAM117B,0.64,2.16,0.47,1.52,Table_S2A
SNCAIP,0.40,0.94,0.21,0.66,Table_S2A
ZNF551,0.15,0.23,0.05,0.12,Table_S2A
CYP2S1,0.36,1.64,0.37,3.35,Table_S2A
RP4-539M6.19,0.99,2.81,0.63,1.07,Table_S2A
KCNK3,0.04,0.28,0.06,0.60,Table_S2A
HIST2H3C,0.33,2.01,0.45,1.72,Table_S2A
PTHLH,1.19,2.46,0.55,2.08,Table_S2A
BHLHE22,0.30,3.06,0.69,2.06,Table_S2A
AVPI1,17.64,28.69,6.49,45.58,Table_S2A
KCNK5,0.03,0.34,0.08,0.53,Table_S2A
PTPN3,0.10,0.53,0.12,0.33,Table_S2A
ZDHHC23,0.43,1.35,0.31,0.65,Table_S2A
LONRF2,0.37,1.17,0.27,1.05,Table_S2A
GJA5,0.48,0.28,0.06,0.17,Table_S2A
RP11-661A12.9,0.15,0.72,0.17,0.62,Table_S2A
HIST2H3A,0.41,1.52,0.35,1.44,Table_S2A
ST3GAL5,2.36,3.03,0.71,2.30,Table_S2A
ARTN,0.17,0.43,0.10,0.33,Table_S2A
SLC10A6,0.76,5.91,1.43,6.35,Table_S2A
EN1,0.22,0.34,0.08,0.39,Table_S2A
PRICKLE1,2.86,2.60,0.64,2.09,Table_S2A
GCK,0.29,0.45,0.11,0.54,Table_S2A
RASEF,0.09,0.41,0.10,0.25,Table_S2A
PRPS2,7.19,25.09,6.30,14.83,Table_S2A
ZNF718,0.56,1.89,0.47,1.23,Table_S2A
KLF4,24.38,10.78,2.73,9.64,Table_S2A
RP1-152L7.5,1.53,1.33,0.34,0.75,Table_S2A
TCHH,0.01,0.22,0.06,0.17,Table_S2A
SMAD6,3.98,3.22,0.83,3.54,Table_S2A
SNAP25,0.67,4.08,1.06,2.07,Table_S2A
KCP,0.03,0.07,0.02,0.04,Table_S2A
MBOAT2,1.39,3.31,0.87,2.29,Table_S2A
ARHGEF4,0.64,1.37,0.36,1.62,Table_S2A
LRRC4B,0.12,0.24,0.06,0.21,Table_S2A
PTGER4,0.60,2.33,0.61,1.41,Table_S2A
SLFN13,0.09,0.62,0.16,0.31,Table_S2A
NEDD9,0.60,0.92,0.24,0.83,Table_S2A
IGSF9,0.05,0.15,0.04,0.24,Table_S2A
OSBPL6,0.58,1.69,0.45,1.05,Table_S2A
CCDC85C,0.60,1.03,0.28,1.47,Table_S2A
AGPAT5,3.06,11.07,2.94,6.86,Table_S2A
INHBB,3.43,2.20,0.59,2.68,Table_S2A
FKBP5,0.52,3.41,0.92,1.85,Table_S2A
KCNJ8,0.66,1.30,0.35,0.91,Table_S2A
PEG10,2.27,5.85,1.58,3.46,Table_S2A
SYNM,0.51,2.01,0.55,1.34,Table_S2A
PPARGC1B,0.06,0.28,0.08,0.22,Table_S2A
DEF6,0.32,0.31,0.09,0.24,Table_S2A
TMEM240,2.24,2.84,0.78,3.56,Table_S2A
GAL,19.58,26.45,7.24,37.94,Table_S2A
PSMG1,6.44,23.60,6.47,15.62,Table_S2A
NEFM,1.38,2.19,0.60,1.28,Table_S2A
RP11-253M7.1,0.58,0.39,0.11,0.19,Table_S2A
PRR5L,0.64,1.34,0.37,1.63,Table_S2A
AKAP1,3.84,11.74,3.29,10.60,Table_S2A
RP1-27O5.3,0.31,1.56,0.44,0.89,Table_S2A
PM20D2,1.24,5.83,1.64,3.29,Table_S2A
FOXO1,0.95,3.76,1.06,2.66,Table_S2A
CECR6,0.11,0.28,0.08,0.25,Table_S2A
ADRBK2,0.21,0.62,0.17,0.28,Table_S2A
EFNA5,0.68,0.99,0.28,0.61,Table_S2A
NUP210,0.01,0.10,0.03,0.21,Table_S2A
NRGN,0.41,0.94,0.27,1.51,Table_S2A
C16orf93,0.65,0.87,0.25,1.35,Table_S2A
SLC35F2,2.26,6.56,1.90,4.18,Table_S2A
HOXD-AS1,0.06,0.22,0.06,0.10,Table_S2A
PRR19,0.68,0.79,0.23,1.34,Table_S2A
RP11-855A2.5,0.97,94.27,27.47,95.48,Table_S2A
C14orf182,0.10,0.52,0.15,0.53,Table_S2A
KCNH1,1.25,2.08,0.61,1.90,Table_S2A
SPTLC3,0.17,0.20,0.06,0.10,Table_S2A
RDH8,0.42,1.50,0.44,2.05,Table_S2A
USP51,0.39,0.37,0.11,0.20,Table_S2A
PROSER2,0.13,0.35,0.10,0.47,Table_S2A
JADE1,1.39,3.31,0.99,2.52,Table_S2A
ING2,5.25,7.10,2.13,5.03,Table_S2A
CLN6,3.60,11.85,3.58,18.22,Table_S2A
KIAA0922,1.99,2.69,0.81,1.49,Table_S2A
BMP2,5.72,22.06,6.72,14.33,Table_S2A
ZBTB14,2.20,3.59,1.10,2.46,Table_S2A
LINC00937,0.09,0.31,0.09,0.21,Table_S2A
SCML2,0.40,1.16,0.36,0.84,Table_S2A
E2F5,0.91,1.83,0.56,0.95,Table_S2A
C22orf31,0.51,0.54,0.17,0.70,Table_S2A
NQO2,9.58,26.97,8.33,35.46,Table_S2A
GNAZ,0.54,2.12,0.66,2.76,Table_S2A
ID3,11.44,14.61,4.52,21.08,Table_S2A
EPHA4,1.35,1.22,0.38,0.70,Table_S2A
NCR3LG1,1.63,14.41,4.47,9.45,Table_S2A
ABHD3,0.79,3.92,1.22,2.68,Table_S2A
SSTR1,5.85,2.81,0.88,2.38,Table_S2A
FAM60A,1.24,9.74,3.05,6.08,Table_S2A
AUTS2,1.90,6.18,1.93,5.28,Table_S2A
KCNMB3,0.22,0.49,0.16,0.21,Table_S2A
ZNF418,0.31,0.58,0.18,0.38,Table_S2A
BDH1,0.31,0.93,0.29,0.97,Table_S2A
WEE1,4.93,8.16,2.60,5.40,Table_S2A
RNF150,2.47,3.98,1.27,3.06,Table_S2A
ID2,9.32,21.14,6.73,17.49,Table_S2A
DLEU2,0.37,0.60,0.19,0.40,Table_S2A
TFAP4,2.26,3.71,1.19,5.25,Table_S2A
EFR3B,0.13,0.27,0.09,0.29,Table_S2A
GJA9,0.10,0.31,0.10,0.13,Table_S2A
GPT2,4.08,6.42,2.08,8.57,Table_S2A
DSN1,3.26,5.53,1.80,3.27,Table_S2A
ANKRD13B,1.62,1.84,0.60,3.08,Table_S2A
BAG2,9.11,7.56,2.47,5.13,Table_S2A
NUDT11,2.42,6.73,2.21,4.69,Table_S2A
RP11-320M2.1,0.22,0.26,0.09,0.14,Table_S2A
ANP32A,4.84,6.63,2.19,4.09,Table_S2A
SLC25A10_2,3.80,5.10,1.68,8.01,Table_S2A
OXCT1,3.26,6.61,2.19,4.08,Table_S2A
ZNF620,0.14,0.38,0.13,0.17,Table_S2A
SHISA9,0.28,0.76,0.25,0.64,Table_S2A
ZNF385D,0.10,0.22,0.07,0.17,Table_S2A
UBR7,9.71,21.11,7.11,13.06,Table_S2A
ENOPH1,9.29,20.53,6.93,12.72,Table_S2A
NAT8L,0.18,0.35,0.12,0.68,Table_S2A
DACT1,2.89,11.93,4.03,12.39,Table_S2A
RBM34,0.72,1.06,0.36,0.62,Table_S2A
USP31,1.21,4.40,1.50,3.09,Table_S2A
TTYH2,0.16,0.23,0.08,0.23,Table_S2A
ARG2,1.38,4.11,1.40,2.82,Table_S2A
ID4,0.22,1.77,0.61,1.52,Table_S2A
STMN1,9.99,20.24,6.97,15.22,Table_S2A
GPAT2,0.31,0.56,0.19,0.60,Table_S2A
CUZD1,0.37,0.64,0.22,0.34,Table_S2A
CHSY3,0.66,2.48,0.86,1.56,Table_S2A
NEFH,0.57,1.67,0.58,1.56,Table_S2A
MCM9,0.82,2.00,0.70,1.12,Table_S2A
ABCG2,0.26,0.66,0.23,0.31,Table_S2A
KIF26B,7.84,7.95,2.80,7.42,Table_S2A
BVES,1.57,5.48,1.93,3.02,Table_S2A
FOXD1,4.75,5.72,2.03,5.78,Table_S2A
ADORA2B,6.74,14.99,5.33,18.63,Table_S2A
RBM26-AS1,0.22,0.35,0.13,0.28,Table_S2A
CDKL1,0.27,0.34,0.12,0.25,Table_S2A
ELMO1,0.39,0.55,0.20,0.55,Table_S2A
FOS,1.77,26.86,9.63,29.58,Table_S2A
PKP4,2.55,4.97,1.78,2.73,Table_S2A
RHBDL1,0.62,0.81,0.29,0.96,Table_S2A
RP11-307E17.8,0.84,2.15,0.77,1.11,Table_S2A
SCLY,0.09,0.41,0.15,0.69,Table_S2A
ULBP2,1.06,2.71,0.97,2.34,Table_S2A
PODXL2,1.21,2.01,0.73,2.59,Table_S2A
AREG,2.21,7.49,2.74,10.84,Table_S2A
ARL6IP6,2.49,4.55,1.68,3.04,Table_S2A
QRICH2,1.06,2.05,0.76,2.22,Table_S2A
RASSF7,2.40,2.33,0.86,3.00,Table_S2A
ZNF69,1.02,1.26,0.47,0.86,Table_S2A
ULBP3,1.14,2.09,0.78,1.29,Table_S2A
BRSK2,0.13,0.27,0.10,0.32,Table_S2A
TMSB15A,0.88,2.60,0.97,1.85,Table_S2A
LA16c-306E5.3,1.59,2.27,0.85,1.00,Table_S2A
PARP16,1.59,2.30,0.86,2.47,Table_S2A
PDLIM3,0.11,0.30,0.11,0.35,Table_S2A
SOCS2,2.02,15.06,5.66,10.91,Table_S2A
POLD3,2.53,6.28,2.36,3.53,Table_S2A
SKP2,4.58,5.09,1.92,2.97,Table_S2A
USP49,0.45,0.75,0.29,0.49,Table_S2A
NOP56,31.97,91.06,34.56,88.34,Table_S2A
RP1-130H16.18,0.84,3.29,1.25,2.06,Table_S2A
ACACB,0.31,0.39,0.15,0.35,Table_S2A
ZNF703,30.27,29.78,11.33,40.80,Table_S2A
SKIDA1,0.27,0.45,0.17,0.23,Table_S2A
PAICS,20.48,52.46,20.07,31.06,Table_S2A
FAM185A,0.67,0.89,0.34,0.47,Table_S2A
TMTC4,1.31,2.02,0.78,1.24,Table_S2A
DISP1,1.19,1.33,0.51,0.91,Table_S2A
CITED4,7.49,20.68,7.98,21.95,Table_S2A
EGR3,2.54,12.47,4.82,9.33,Table_S2A
CDCA7L,7.97,11.74,4.54,7.77,Table_S2A
FEN1,1.19,2.44,0.94,2.59,Table_S2A
ITPKA,1.66,1.79,0.70,1.61,Table_S2A
OLFM1,0.92,1.52,0.59,1.06,Table_S2A
CISD2,7.11,10.49,4.09,6.85,Table_S2A
CNNM1,1.66,1.44,0.56,1.22,Table_S2A
C3orf70,1.24,1.86,0.73,1.26,Table_S2A
SLC25A29,2.24,7.63,2.99,10.19,Table_S2A
HIST2H4B,1.82,2.99,1.17,2.14,Table_S2A
ABHD6,2.05,2.60,1.02,2.41,Table_S2A
CTD-2116N17.1,0.44,0.93,0.37,0.77,Table_S2A
PAXIP1,1.40,3.57,1.41,2.04,Table_S2A
POLR3K,7.04,14.93,5.90,14.20,Table_S2A
TADA1,2.33,3.04,1.20,2.05,Table_S2A
BTG3,8.82,54.63,21.61,35.95,Table_S2A
MAP6D1,1.88,4.02,1.60,5.10,Table_S2A
SRSF7,21.41,44.78,17.84,31.25,Table_S2A
CHEK1,2.10,4.89,1.95,3.04,Table_S2A
KCTD14,0.86,1.56,0.62,1.53,Table_S2A
GMPS,6.63,14.13,5.64,9.34,Table_S2A
RP11-613M10.6,4.41,11.44,4.60,6.91,Table_S2A
MCM6,8.25,17.56,7.06,11.62,Table_S2A
ADPRHL1,0.63,0.96,0.39,0.96,Table_S2A
CLCF1,3.42,8.51,3.45,18.13,Table_S2A
AP3M2,2.10,5.29,2.14,3.15,Table_S2A
CHST10,4.43,7.56,3.06,8.58,Table_S2A
CAMKK1,2.89,2.54,1.03,3.58,Table_S2A
CAMK2A,0.17,0.21,0.09,0.23,Table_S2A
FAM57A,21.42,42.60,17.45,57.05,Table_S2A
RPL23AP53,1.42,3.92,1.61,2.57,Table_S2A
KLF2,10.46,14.35,5.93,17.27,Table_S2A
DYNLL2,16.54,32.59,13.56,34.66,Table_S2A
HAUS2,3.95,8.63,3.60,5.99,Table_S2A
SETD6,2.39,3.78,1.58,3.26,Table_S2A
PITX2,0.53,0.59,0.25,0.55,Table_S2A
NT5DC3,1.35,2.09,0.89,1.58,Table_S2A
FZD8,5.45,22.32,9.47,27.61,Table_S2A
SET,70.55,124.14,52.81,74.70,Table_S2A
TPRN,4.39,5.77,2.46,7.51,Table_S2A
ARHGAP6,0.99,0.38,0.16,0.20,Table_S2A
NDUFAF6,0.92,1.17,0.50,0.91,Table_S2A
RPL36A,3.97,2.19,0.94,2.06,Table_S2A
NRG1,2.07,9.96,4.26,6.79,Table_S2A
SH3BP5,18.59,11.04,4.74,7.49,Table_S2A
GPR125,5.74,12.42,5.33,7.30,Table_S2A
CMTM4,4.66,8.62,3.70,5.51,Table_S2A
DZIP1L,2.05,4.48,1.93,4.94,Table_S2A
GABBR2,1.52,1.10,0.48,0.85,Table_S2A
RRP1B,8.47,22.84,9.90,16.10,Table_S2A
THAP7,9.96,13.61,5.91,20.10,Table_S2A
RHEBL1,0.38,1.53,0.66,1.97,Table_S2A
HMGB3,3.42,5.85,2.55,2.91,Table_S2A
PIK3C2B,0.27,0.27,0.12,0.27,Table_S2A
PELI3,2.30,3.49,1.53,4.58,Table_S2A
SULT1C4,0.02,0.37,0.16,0.24,Table_S2A
SLC25A33,3.93,10.93,4.81,8.07,Table_S2A
IL20RA,0.32,0.50,0.22,0.45,Table_S2A
TIGD5,3.92,4.87,2.15,7.02,Table_S2A
HSPB11,2.93,4.21,1.86,3.20,Table_S2A
CENPN,3.07,7.42,3.30,4.66,Table_S2A
RASIP1,0.25,0.31,0.14,0.33,Table_S2A
CCDC78,0.86,1.35,0.60,1.43,Table_S2A
PXN-AS1,1.73,2.80,1.25,3.20,Table_S2A
DBR1,3.85,6.48,2.88,4.15,Table_S2A
KCNK2,5.35,7.01,3.13,3.76,Table_S2A
B4GALNT4,1.99,2.51,1.12,3.52,Table_S2A
GIPC3,0.17,0.29,0.13,0.45,Table_S2A
KPNB1,35.13,69.49,31.18,42.44,Table_S2A
UBE2S,50.95,124.35,55.85,169.93,Table_S2A
BCOR,2.32,9.64,4.33,8.40,Table_S2A
ARRDC2,7.05,12.67,5.70,15.97,Table_S2A
RANBP1,16.69,30.54,13.75,23.68,Table_S2A
ODC1,39.34,77.75,35.08,66.97,Table_S2A
LRRC45,3.17,3.41,1.54,4.02,Table_S2A
SH3RF1,4.77,5.83,2.64,3.63,Table_S2A
CTD-2228K2.5,2.00,3.50,1.59,4.76,Table_S2A
BEGAIN,0.78,1.20,0.54,1.30,Table_S2A
PCDH7,2.46,3.50,1.59,2.89,Table_S2A
ZNF786,1.89,1.52,0.70,1.23,Table_S2A
H3F3A,33.17,64.92,29.63,46.32,Table_S2A
RP11-512M8.5,2.79,3.77,1.72,1.66,Table_S2A
FOXRED2,3.24,4.83,2.20,6.31,Table_S2A
FERMT1,0.47,0.98,0.45,0.75,Table_S2A
NCL,68.89,172.03,78.97,108.73,Table_S2A
NFKBID,1.70,1.70,0.78,2.66,Table_S2A
SNHG1,11.39,32.80,15.11,27.17,Table_S2A
NCAPD3,2.61,4.83,2.23,3.21,Table_S2A
FAM46C,4.10,1.24,0.57,0.65,Table_S2A
GOLM1,12.81,23.92,11.07,14.66,Table_S2A
YWHAH,49.54,83.44,38.63,63.34,Table_S2A
RAB6B,0.37,0.84,0.39,0.58,Table_S2A
CBX1,16.21,21.20,9.83,13.45,Table_S2A
RASSF3,5.84,14.47,6.73,8.04,Table_S2A
FZD7,58.45,31.06,14.46,24.61,Table_S2A
SS18L2,2.83,5.49,2.55,3.13,Table_S2A
PUSL1,8.32,10.30,4.81,13.50,Table_S2A
COA7,7.19,13.25,6.19,10.99,Table_S2A
PTPMT1,2.05,3.87,1.82,2.82,Table_S2A
RPA2,18.83,29.27,13.73,26.14,Table_S2A
TOB1,8.53,9.54,4.47,6.10,Table_S2A
CTD-2547E10.2,2.27,5.49,2.58,4.27,Table_S2A
BDNF,0.44,1.16,0.55,0.58,Table_S2A
PRMT6,9.90,11.39,5.36,8.31,Table_S2A
UBE2F-SCLY,5.61,10.98,5.17,10.48,Table_S2A
ACTR3B,0.89,1.25,0.59,1.07,Table_S2A
SLC35G2,1.46,3.27,1.54,2.21,Table_S2A
RAB40B,2.33,2.36,1.12,2.02,Table_S2A
FN3K,0.65,1.07,0.50,1.04,Table_S2A
GDF6,8.42,2.65,1.25,3.17,Table_S2A
ING5,3.54,6.70,3.17,7.23,Table_S2A
NOLC1,18.66,63.84,30.25,43.05,Table_S2A
ADCK2,3.27,5.17,2.45,7.12,Table_S2A
RP9P,5.82,3.55,1.69,3.00,Table_S2A
UBL4A,23.51,33.00,15.81,43.63,Table_S2A
GSDMB,1.09,1.13,0.54,0.99,Table_S2A
C9orf40,4.12,5.79,2.78,4.72,Table_S2A
COX20,2.55,3.73,1.79,1.89,Table_S2A
TUBGCP3,2.96,4.74,2.28,3.16,Table_S2A
RNF157,2.45,2.17,1.05,3.12,Table_S2A
C9orf142,14.65,16.44,7.92,20.34,Table_S2A
GDF1,0.60,1.44,0.69,2.25,Table_S2A
PINX1,2.15,5.04,2.43,4.19,Table_S2A
GEM,12.97,23.22,11.20,18.04,Table_S2A
E2F7,1.22,2.26,1.09,1.38,Table_S2A
WI2-3658N16.1,1.99,2.60,1.26,1.68,Table_S2A
FAM216A,2.72,3.23,1.56,2.14,Table_S2A
RP11-347C12.2,2.33,3.80,1.84,2.87,Table_S2A
EXO5,2.47,2.96,1.44,2.70,Table_S2A
ATF5,8.99,22.98,11.15,36.98,Table_S2A
AC093627.10,0.26,0.84,0.41,0.54,Table_S2A
FKBP4,31.32,73.28,35.60,94.03,Table_S2A
HAUS7,1.66,2.32,1.13,1.92,Table_S2A
RBBP7,9.29,13.20,6.46,8.36,Table_S2A
GCSH,1.10,1.47,0.72,1.26,Table_S2A
ENOSF1,1.27,3.03,1.49,2.18,Table_S2A
MPP1,1.09,2.16,1.06,1.90,Table_S2A
PRKAG2,1.68,2.07,1.02,1.40,Table_S2A
POLR1E,11.22,33.08,16.30,25.96,Table_S2A
TMSB15B,0.58,1.07,0.53,0.62,Table_S2A
PER1,1.20,3.55,1.75,4.40,Table_S2A
PPP1R3C,16.65,9.13,4.51,6.19,Table_S2A
HSPA12A,3.83,8.01,3.96,5.81,Table_S2A
DIS3L,2.97,3.42,1.69,2.09,Table_S2A
SPAG4,0.76,1.09,0.54,0.97,Table_S2A
SRSF2,73.05,138.62,68.74,119.19,Table_S2A
TREH,1.58,1.81,0.90,1.41,Table_S2A
LRIG3,5.80,4.18,2.07,2.19,Table_S2A
CDIP1,4.32,6.38,3.17,8.13,Table_S2A
GPHN,1.18,1.88,0.94,1.25,Table_S2A
SMYD4,1.98,2.67,1.34,2.78,Table_S2A
TAF4,1.20,2.22,1.12,1.78,Table_S2A
SIN3A,3.82,8.57,4.32,5.25,Table_S2A
NDUFAF2,16.91,27.58,13.93,15.90,Table_S2A
ACYP1,2.22,1.60,0.81,0.89,Table_S2A
EPHB4,14.46,15.14,7.67,21.20,Table_S2A
SLC25A13,3.69,8.49,4.31,4.99,Table_S2A
SNHG15,8.35,12.92,6.56,15.77,Table_S2A
CNN3,50.16,71.00,36.06,47.40,Table_S2A
LRP5L,0.58,0.77,0.39,0.68,Table_S2A
GALNT14,2.74,3.60,1.83,4.97,Table_S2A
PGBD2,1.27,1.86,0.95,1.07,Table_S2A
FAM171A2,2.68,2.02,1.03,2.43,Table_S2A
PGAM5,9.68,18.28,9.33,24.83,Table_S2A
SPATS2,2.37,4.95,2.53,2.68,Table_S2A
HNRNPD,19.76,34.42,17.59,26.22,Table_S2A
ALDH1B1,10.76,25.32,12.95,23.08,Table_S2A
RP11-706O15.1,3.17,6.98,3.57,5.97,Table_S2A
GRB10,3.40,4.12,2.11,3.60,Table_S2A
ZNF250,1.00,1.13,0.58,0.83,Table_S2A
PCNT,3.27,4.18,2.15,2.88,Table_S2A
ENDOD1,1.80,2.20,1.13,1.42,Table_S2A
NMB,4.65,6.83,3.51,9.42,Table_S2A
POLE3,23.87,49.57,25.49,39.36,Table_S2A
C9orf91,3.37,6.07,3.12,5.99,Table_S2A
DKC1,17.45,41.22,21.28,28.24,Table_S2A
ARGLU1,15.08,26.47,13.67,16.13,Table_S2A
SOCS2-AS1,0.67,1.42,0.74,1.29,Table_S2A
TMEM38A,0.44,0.57,0.30,0.67,Table_S2A
PBX3,5.02,5.11,2.65,3.53,Table_S2A
SNHG12,5.76,10.11,5.26,8.80,Table_S2A
PRPSAP2,2.41,1.81,0.94,1.13,Table_S2A
FUT10,1.67,2.57,1.34,1.58,Table_S2A
SFXN1,6.19,14.08,7.34,9.36,Table_S2A
RBFA,6.14,7.48,3.90,7.26,Table_S2A
UCK2,14.45,28.03,14.61,29.42,Table_S2A
TMEM51,7.72,14.00,7.30,15.15,Table_S2A
CACYBP,9.04,13.62,7.10,9.53,Table_S2A
SEPHS1,9.91,22.56,11.77,18.34,Table_S2A
FAM101B,36.44,60.40,31.57,67.26,Table_S2A
TPMT,4.56,5.20,2.72,2.95,Table_S2A
CASP6,2.56,4.53,2.37,3.15,Table_S2A
SETD8,10.18,13.86,7.27,10.60,Table_S2A
HOTAIR,3.53,3.91,2.05,2.70,Table_S2A
CLDN23,2.88,2.35,1.23,2.86,Table_S2A
SERHL,1.41,2.40,1.26,3.32,Table_S2A
VKORC1L1,10.65,18.81,9.91,12.32,Table_S2A
MAGEE1,0.85,1.00,0.53,1.00,Table_S2A
PITPNM1,11.18,18.41,9.72,26.09,Table_S2A
CTDSPL,10.52,10.44,5.53,7.69,Table_S2A
IRX2,1.50,3.75,1.99,2.89,Table_S2A
KLHL26,1.94,3.66,1.94,6.10,Table_S2A
FLAD1,7.85,14.14,7.50,17.78,Table_S2A
FBXO41,1.32,1.78,0.95,1.92,Table_S2A
KHDRBS3,1.42,2.51,1.34,2.12,Table_S2A
TFDP1,28.76,49.86,26.54,39.63,Table_S2A
BOLA3-AS1,1.36,1.92,1.02,1.28,Table_S2A
PDCL3,6.04,6.48,3.46,4.58,Table_S2A
DGCR8,11.71,15.86,8.47,16.80,Table_S2A
NAF1,1.83,4.91,2.63,4.52,Table_S2A
PABPC1L,2.09,2.40,1.28,1.70,Table_S2A
FBL,50.71,90.53,48.37,109.68,Table_S2A
ACTR5,4.31,5.48,2.93,5.55,Table_S2A
STAMBPL1,4.54,3.35,1.79,1.81,Table_S2A
URB2,4.89,14.63,7.84,13.75,Table_S2A
GABBR1,2.43,3.97,2.13,2.95,Table_S2A
SARM1,4.09,6.82,3.66,7.93,Table_S2A
LRRC24,1.13,1.03,0.55,1.31,Table_S2A
NCAPH2,11.21,17.09,9.18,24.59,Table_S2A
ALKBH2,6.32,8.42,4.53,10.58,Table_S2A
CAMSAP1,3.80,7.59,4.09,6.30,Table_S2A
ICOSLG,2.86,1.82,0.98,3.29,Table_S2A
BOK,23.79,35.09,18.90,47.77,Table_S2A
APITD1,1.91,1.29,0.69,1.01,Table_S2A
DDX55,2.61,5.15,2.78,3.16,Table_S2A
UCK1,16.44,26.27,14.18,32.64,Table_S2A
HTRA2,8.41,21.59,11.66,26.35,Table_S2A
POLR2H,8.16,12.95,7.00,13.18,Table_S2A
ISL2,3.18,3.25,1.76,4.10,Table_S2A
SUMO2,55.70,98.54,53.42,62.29,Table_S2A
HOXC11,4.13,5.26,2.85,6.15,Table_S2A
HNRNPF,54.98,180.11,97.87,132.63,Table_S2A
FN3KRP,8.12,11.01,5.99,12.75,Table_S2A
PXMP2,4.73,6.10,3.32,6.82,Table_S2A
ISOC1,6.12,18.97,10.32,11.83,Table_S2A
CORO7,0.77,1.55,0.85,2.21,Table_S2A
LSR,1.06,1.11,0.60,1.60,Table_S2A
SLC23A3,1.83,1.99,1.09,1.51,Table_S2A
C6orf136,3.44,4.01,2.19,4.82,Table_S2A
H2AFZ,48.14,97.91,53.41,73.01,Table_S2A
ZBTB42,1.35,3.38,1.85,4.02,Table_S2A
HN1L,15.29,28.49,15.58,28.69,Table_S2A
POGK,7.75,14.66,8.02,10.98,Table_S2A
SLC25A22,7.45,11.06,6.05,14.60,Table_S2A
RBMX,14.41,25.87,14.17,17.88,Table_S2A
PRKX,1.13,2.32,1.27,1.65,Table_S2A
ANKRD13A,9.27,10.85,5.94,7.34,Table_S2A
HSPA14,3.47,6.90,3.79,4.87,Table_S2A
C1orf233,5.75,5.25,2.88,7.38,Table_S2A
FAM47E-STBD1_2,2.18,3.48,1.91,1.82,Table_S2A
H2AFX,41.94,75.85,41.66,110.47,Table_S2A
ITPRIP,17.33,81.60,44.83,100.02,Table_S2A
CMC2,4.71,7.97,4.39,5.89,Table_S2A
NPIPA1,7.19,8.88,4.90,8.13,Table_S2A
DOPEY2,1.74,2.87,1.59,2.11,Table_S2A
CTBP2,11.32,15.43,8.55,11.23,Table_S2A
EXOSC2,6.24,12.60,6.98,12.83,Table_S2A
ZNF48,4.39,7.18,3.98,10.49,Table_S2A
SIVA1,13.33,18.85,10.46,25.69,Table_S2A
SLC5A6,6.83,13.82,7.67,17.00,Table_S2A
N6AMT2,4.72,4.66,2.59,3.40,Table_S2A
TBC1D24,1.89,1.74,0.96,2.35,Table_S2A
SLC7A6,6.32,16.74,9.31,13.28,Table_S2A
ERLIN1,10.98,15.17,8.45,9.69,Table_S2A
EXOG,4.35,5.35,2.99,3.82,Table_S2A
CCDC19,0.30,0.48,0.27,0.29,Table_S2A
MTMR4,9.29,12.54,7.01,9.37,Table_S2A
C11orf80,1.07,1.41,0.79,1.19,Table_S2A
CKS2,27.78,58.98,33.03,39.07,Table_S2A
NR2F1,8.47,3.83,2.15,2.97,Table_S2A
TTC7A,12.68,11.50,6.46,14.58,Table_S2A
TUBGCP4,1.90,3.12,1.75,1.99,Table_S2A
MAT2A,57.61,122.52,68.95,106.89,Table_S2A
AP4M1,6.27,7.16,4.03,9.49,Table_S2A
UBIAD1,8.22,16.66,9.40,21.49,Table_S2A
TUSC1,8.99,13.78,7.78,12.73,Table_S2A
ARL3,5.80,7.08,4.00,4.89,Table_S2A
CPOX,8.49,12.33,6.98,7.52,Table_S2A
WTIP,4.44,5.06,2.86,6.42,Table_S2A
FTSJ2,12.75,17.05,9.65,14.73,Table_S2A
TTC19,3.38,4.48,2.54,2.89,Table_S2A
GEMIN5,5.11,9.28,5.26,6.08,Table_S2A
RAD51L3-RFFL,2.85,3.69,2.09,3.49,Table_S2A
N6AMT1,2.51,2.53,1.44,1.61,Table_S2A
CTA-217C2.1,2.58,2.50,1.42,2.97,Table_S2A
PI4KAP1,1.36,1.49,0.85,1.42,Table_S2A
TTI1,4.24,7.82,4.46,6.15,Table_S2A
CARD9,3.95,3.62,2.06,4.07,Table_S2A
SLC25A17,4.48,9.80,5.59,6.01,Table_S2A
SLC25A5,99.79,177.55,101.47,158.29,Table_S2A
TCFL5,3.98,5.13,2.94,3.70,Table_S2A
PGRMC2,24.60,26.78,15.34,17.86,Table_S2A
PLP2,67.51,76.63,44.07,93.86,Table_S2A
MCUR1,7.25,16.71,9.62,11.84,Table_S2A
BAIAP2,2.78,2.48,1.43,3.47,Table_S2A
AC093323.3,5.65,5.79,3.34,3.85,Table_S2A
RHOB,81.14,79.83,46.12,103.03,Table_S2A
ZNHIT3,2.43,3.08,1.78,2.08,Table_S2A
LSM11,1.05,1.70,0.98,1.19,Table_S2A
SRD5A1,2.59,3.82,2.22,3.77,Table_S2A
CITED2,115.51,60.40,35.12,49.74,Table_S2A
MTHFS,5.06,7.58,4.41,5.19,Table_S2A
NPIPA7_1,6.80,10.65,6.20,14.19,Table_S2A
FAM136A,11.07,14.79,8.61,11.32,Table_S2A
PIGL,0.67,1.01,0.59,0.77,Table_S2A
BUD13,7.74,11.21,6.55,9.07,Table_S2A
CHCHD4,7.37,9.64,5.64,7.80,Table_S2A
DOCK2,0.50,0.37,0.21,0.19,Table_S2A
TIMM8A,2.75,5.16,3.02,3.60,Table_S2A
BZW2,14.79,28.01,16.42,18.85,Table_S2A
ULK3,7.41,8.32,4.88,9.42,Table_S2A
SCRIB,16.35,21.39,12.56,28.67,Table_S2A
RELL2,2.32,1.08,0.63,1.45,Table_S2A
CCT2,31.46,55.04,32.36,35.57,Table_S2A
RHEB,23.31,41.92,24.69,29.93,Table_S2A
COLGALT1,48.16,78.63,46.30,100.79,Table_S2A
AMPH,0.81,2.11,1.25,1.76,Table_S2A
BCAT2,3.43,2.88,1.70,3.55,Table_S2A
SMO,5.10,6.07,3.59,8.53,Table_S2A
ARHGAP35,8.25,10.17,6.01,6.55,Table_S2A
SHOX2,4.20,3.43,2.03,2.32,Table_S2A
SLC1A5,76.46,123.12,72.98,162.26,Table_S2A
TOR3A,11.23,12.74,7.56,16.32,Table_S2A
DPYSL4,9.45,15.66,9.32,21.75,Table_S2A
CXCL16,2.63,4.50,2.68,4.96,Table_S2A
LINC00511,0.87,1.43,0.85,1.93,Table_S2A
CNBP,114.84,173.08,103.15,113.75,Table_S2A
PER2,0.94,2.87,1.71,2.46,Table_S2A
ANKS6,5.07,4.87,2.91,5.32,Table_S2A
PRPS1,18.07,27.65,16.55,23.59,Table_S2A
MAZ,45.86,53.02,31.80,80.97,Table_S2A
PC,6.22,5.38,3.23,8.46,Table_S2A
RRP7A,16.26,25.93,15.56,34.23,Table_S2A
GRAMD1B,1.03,1.13,0.68,0.89,Table_S2A
RP11-20I23.1,4.39,5.92,3.56,5.34,Table_S2A
SNHG7,7.50,9.22,5.55,10.62,Table_S2A
LRP5,6.55,12.31,7.41,15.75,Table_S2A
WDR5,15.94,29.45,17.76,32.49,Table_S2A
FUS,48.27,79.76,48.11,79.95,Table_S2A
C1orf174,5.27,7.01,4.23,5.34,Table_S2A
FAM96A,7.55,8.67,5.23,5.51,Table_S2A
PCK2,7.34,6.52,3.94,7.82,Table_S2A
NFKBIB,12.77,39.62,23.99,50.23,Table_S2A
BCL2L11,0.73,7.71,4.67,5.84,Table_S2A
GAB2,3.84,11.24,6.81,11.76,Table_S2A
TXNRD1,37.51,57.62,34.94,32.90,Table_S2A
GTF3A,19.30,24.82,15.08,17.77,Table_S2A
DHX33,1.55,3.59,2.19,2.46,Table_S2A
COQ2,3.53,4.15,2.53,2.74,Table_S2A
ARMC10,6.43,8.98,5.46,5.64,Table_S2A
SDC4,145.69,193.61,117.88,190.76,Table_S2A
POP7,29.65,38.54,23.48,48.43,Table_S2A
MRPS26,31.55,32.27,19.66,39.95,Table_S2A
LSM14B,13.13,18.13,11.06,17.25,Table_S2A
TRIM28,86.71,111.88,68.28,156.85,Table_S2A
AC141586.5,1.40,2.11,1.29,2.10,Table_S2A
LDHA,179.57,307.71,187.85,237.75,Table_S2A
CHKA,2.69,5.72,3.50,5.78,Table_S2A
PIM3,15.40,60.41,36.90,88.09,Table_S2A
PFKP,21.88,31.81,19.48,41.90,Table_S2A
AGAP3,6.92,8.05,4.94,10.67,Table_S2A
SNHG6,27.29,30.51,18.71,21.19,Table_S2A
HTRA3,22.65,15.69,9.64,21.76,Table_S2A
PPA2,3.57,3.51,2.16,2.36,Table_S2A
MRTO4,29.06,55.37,34.05,71.48,Table_S2A
CTXN1,13.29,9.50,5.84,13.46,Table_S2A
APEX2,9.10,16.16,9.94,19.96,Table_S2A
SNN,4.79,9.36,5.76,11.19,Table_S2A
TTLL4,2.74,4.23,2.61,4.06,Table_S2A
GIT1,8.71,12.23,7.54,17.76,Table_S2A
RCE1,4.71,7.31,4.53,10.32,Table_S2A
YY1,11.95,18.96,11.74,12.65,Table_S2A
DGCR14,4.86,7.80,4.83,10.88,Table_S2A
RTN3,15.15,21.31,13.21,16.02,Table_S2A
MSL1,12.40,20.29,12.59,16.52,Table_S2A
CCND3,13.00,25.73,15.97,35.00,Table_S2A
CKLF,8.15,9.13,5.67,6.74,Table_S2A
RASSF1,20.14,29.57,18.39,37.96,Table_S2A
PA2G4,43.07,81.49,50.71,83.99,Table_S2A
ZC4H2,1.40,1.59,0.99,1.44,Table_S2A
PMS2,1.88,2.27,1.42,1.44,Table_S2A
RCC1,18.44,31.78,19.83,35.74,Table_S2A
RAB4A,8.31,10.16,6.34,7.96,Table_S2A
STARD7,34.33,50.36,31.46,39.68,Table_S2A
ZNF324,5.47,7.89,4.93,10.86,Table_S2A
LAPTM4B,14.79,24.54,15.35,17.84,Table_S2A
LRRC42,20.39,27.63,17.30,22.79,Table_S2A
CDKN2C,5.57,6.02,3.77,7.25,Table_S2A
UBQLN4,17.97,23.65,14.86,27.89,Table_S2A
DDX31,3.45,5.24,3.31,3.61,Table_S2A
UBAP2,2.56,4.08,2.58,3.29,Table_S2A
GEMIN4,6.71,11.47,7.26,13.80,Table_S2A
AFG3L1P,1.16,1.35,0.86,1.33,Table_S2A
RRP1,13.99,24.07,15.28,32.16,Table_S2A
TMEM18,4.92,5.47,3.48,5.23,Table_S2A
GGA2,7.00,10.57,6.72,11.33,Table_S2A
LDLRAP1,4.90,5.58,3.55,6.28,Table_S2A
NAP1L4,13.45,20.09,12.79,14.56,Table_S2A
SLC15A4,5.12,7.95,5.06,6.35,Table_S2A
ANKH,15.20,14.78,9.42,13.81,Table_S2A
VPRBP,4.96,10.10,6.45,6.27,Table_S2A
RP11-958N24.1,11.52,18.80,12.00,21.97,Table_S2A
SRRT,32.50,58.83,37.56,73.04,Table_S2A
MAPRE1,33.11,57.45,36.73,37.38,Table_S2A
XPO5,4.94,10.54,6.74,6.77,Table_S2A
MAD2L2,7.45,19.57,12.54,26.59,Table_S2A
NDOR1,6.08,8.33,5.34,10.08,Table_S2A
MRPL17,31.99,38.32,24.57,36.04,Table_S2A
CHRAC1,8.57,12.78,8.20,8.92,Table_S2A
M6PR,30.93,67.30,43.23,58.42,Table_S2A
CTNNBIP1,5.89,5.13,3.30,5.00,Table_S2A
MMP17,6.50,5.51,3.54,7.38,Table_S2A
ST7,3.46,5.96,3.84,4.41,Table_S2A
PABPC4,29.17,50.15,32.27,45.37,Table_S2A
CSRP1,36.10,54.92,35.36,67.22,Table_S2A
NR1D1,2.25,6.16,3.97,9.76,Table_S2A
FAM105B,2.63,4.73,3.05,3.34,Table_S2A
FBRSL1,4.00,6.52,4.21,7.70,Table_S2A
COL5A3,57.56,88.99,57.57,115.63,Table_S2A
SLC9A3R1,6.55,10.09,6.55,13.75,Table_S2A
DIAPH1,15.43,22.67,14.70,17.71,Table_S2A
ISG20L2,9.53,14.72,9.56,17.70,Table_S2A
RFC2,9.18,18.77,12.20,19.43,Table_S2A
ANKRD27,3.20,5.94,3.87,3.80,Table_S2A
RQCD1,13.41,28.10,18.28,23.71,Table_S2A
PPM1G,33.20,52.31,34.12,59.36,Table_S2A
SMYD2,3.64,4.15,2.71,2.77,Table_S2A
DEPDC5,1.36,2.09,1.37,2.13,Table_S2A
TMEM206,1.86,3.54,2.31,2.50,Table_S2A
SLC31A1,2.87,6.15,4.02,3.82,Table_S2A
ZDHHC18,9.78,15.92,10.41,21.15,Table_S2A
ZBED4,3.56,7.06,4.62,4.46,Table_S2A
TOP3A,5.96,12.01,7.87,15.01,Table_S2A
NSUN4,2.75,4.20,2.75,3.55,Table_S2A
APEX1,83.48,107.16,70.22,100.96,Table_S2A
C11orf84,14.74,26.88,17.63,36.05,Table_S2A
NUDT19,4.51,8.07,5.31,6.84,Table_S2A
QSOX2,7.86,14.90,9.79,12.45,Table_S2A
GNL1,15.04,20.48,13.46,22.90,Table_S2A
AAED1,5.02,7.94,5.22,5.46,Table_S2A
TM7SF3,7.46,11.65,7.66,10.05,Table_S2A
EIF4EBP1,47.90,43.45,28.60,58.45,Table_S2A
SLC25A4,1.60,2.58,1.70,2.31,Table_S2A
YDJC,9.79,7.52,4.97,9.43,Table_S2A
POLR2D,12.92,26.67,17.63,22.58,Table_S2A
ST3GAL1,12.81,48.28,31.93,48.41,Table_S2A
HIC2,1.18,1.62,1.07,1.65,Table_S2A
RRS1,23.54,40.96,27.11,41.09,Table_S2A
TAF5L,3.78,6.50,4.30,5.54,Table_S2A
ATPAF1,3.87,4.04,2.67,2.34,Table_S2A
BCORL1,2.31,3.14,2.09,2.95,Table_S2A
MBD3,35.85,44.19,29.36,62.79,Table_S2A
ARF6,49.75,72.46,48.21,73.18,Table_S2A
DGKD,2.31,4.20,2.80,4.01,Table_S2A
LCMT2,6.31,8.28,5.52,8.86,Table_S2A
PDP2,3.02,4.12,2.75,3.03,Table_S2A
ACOT7,11.88,16.84,11.25,23.55,Table_S2A
ZXDC,2.09,2.48,1.66,2.18,Table_S2A
NOS2,0.00,0.36,0.00,0.38,Table_S2B
RP1-85F18.5,0.04,0.85,0.00,0.60,Table_S2B
IKZF3,0.00,0.23,0.00,0.18,Table_S2B
LHX2,0.00,0.82,0.01,0.91,Table_S2B
NPAS4,0.01,0.33,0.01,0.38,Table_S2B
RP11-535M15.1,0.13,1.47,0.03,0.07,Table_S2B
LINGO1,0.08,0.18,0.00,0.23,Table_S2B
WNT1,0.02,3.13,0.06,4.96,Table_S2B
PRRT4,0.02,0.09,0.00,0.18,Table_S2B
PRR18,0.01,0.35,0.01,0.39,Table_S2B
PAQR4,0.53,16.15,0.42,19.18,Table_S2B
BACH2,0.04,1.11,0.03,0.80,Table_S2B
FOXA1,0.03,1.94,0.05,1.71,Table_S2B
KREMEN2,0.14,1.72,0.05,2.00,Table_S2B
CXCR4,0.05,5.31,0.15,4.71,Table_S2B
TP73,0.03,0.19,0.01,0.35,Table_S2B
CDCA7,1.17,10.79,0.42,6.00,Table_S2B
KHK,0.28,3.53,0.18,4.33,Table_S2B
YWHAEP7,0.02,0.26,0.01,0.49,Table_S2B
HAND1,0.00,0.69,0.04,0.50,Table_S2B
C19orf57,0.33,1.54,0.08,2.25,Table_S2B
CBX2,0.39,5.03,0.28,5.79,Table_S2B
PDE7A,0.13,1.82,0.10,0.94,Table_S2B
CHRNA5,0.19,2.19,0.13,1.35,Table_S2B
RIBC2,0.74,4.68,0.29,3.31,Table_S2B
PROK2,0.06,0.56,0.04,0.62,Table_S2B
CSPG5,0.04,0.92,0.06,1.01,Table_S2B
TACSTD2,1.64,12.68,0.83,24.39,Table_S2B
ITPRIPL1,0.51,12.05,0.79,10.32,Table_S2B
TFR2,0.12,1.48,0.10,1.59,Table_S2B
MYOM2,0.14,1.62,0.11,1.37,Table_S2B
HPDL,1.75,16.24,1.11,20.69,Table_S2B
CX3CL1,0.05,0.46,0.03,0.79,Table_S2B
RP11-867G23.10,0.24,1.33,0.09,1.01,Table_S2B
RGAG1,0.12,0.79,0.06,0.72,Table_S2B
ERVMER34-1,0.20,2.01,0.14,1.32,Table_S2B
SBK1,0.02,0.12,0.01,0.07,Table_S2B
CASKIN1,0.03,0.60,0.04,0.38,Table_S2B
ORC1,1.32,11.66,0.87,9.33,Table_S2B
RASL11B,0.90,9.11,0.69,9.82,Table_S2B
RPP25,2.64,20.85,1.59,30.99,Table_S2B
CHDH,0.46,2.61,0.20,2.24,Table_S2B
PASK,0.33,3.14,0.25,2.41,Table_S2B
GFOD1,0.11,0.74,0.06,0.51,Table_S2B
ZNF296,0.41,2.98,0.24,3.54,Table_S2B
CCNE1,2.63,31.96,2.76,27.96,Table_S2B
RP11-143K11.5,0.02,4.61,0.40,4.97,Table_S2B
NRARP,0.03,0.86,0.08,1.39,Table_S2B
WDR76,1.90,14.18,1.27,8.41,Table_S2B
ATP1B1,2.98,21.60,1.93,15.21,Table_S2B
PRRG4,0.01,0.20,0.02,0.14,Table_S2B
SSTR2,0.00,0.82,0.07,0.91,Table_S2B
UHRF1,5.40,25.97,2.43,21.94,Table_S2B
RTN4RL1,0.31,0.81,0.08,0.98,Table_S2B
ABI3,0.07,0.42,0.04,0.45,Table_S2B
CTSV,0.13,0.83,0.08,0.52,Table_S2B
HES6,1.31,9.12,0.90,11.46,Table_S2B
DLX1,0.03,0.39,0.04,0.33,Table_S2B
RP11-54F2.1,0.85,3.03,0.30,1.19,Table_S2B
C2CD4C,0.29,1.36,0.14,2.24,Table_S2B
GPR3,1.29,11.14,1.18,11.57,Table_S2B
RP11-480I12.5,0.02,0.57,0.06,0.58,Table_S2B
LGI2,0.04,0.66,0.07,0.49,Table_S2B
MIR503HG,8.84,12.09,1.35,11.49,Table_S2B
CDT1,4.16,20.72,2.36,29.18,Table_S2B
DMC1,0.10,0.36,0.04,0.16,Table_S2B
DERL3,0.53,2.52,0.29,3.51,Table_S2B
DPY19L2P2,0.19,0.70,0.08,0.56,Table_S2B
PRIM1,0.84,3.06,0.37,1.96,Table_S2B
RASD2,0.08,0.84,0.10,1.55,Table_S2B
TGIF2,0.71,5.84,0.73,7.55,Table_S2B
KISS1R,0.11,2.60,0.33,4.48,Table_S2B
F11R,0.10,0.40,0.05,0.53,Table_S2B
EGR4,0.02,2.94,0.38,4.73,Table_S2B
MCM4,8.48,49.96,6.52,38.21,Table_S2B
FGFR3,0.43,1.86,0.24,2.36,Table_S2B
SPTB,0.02,0.07,0.01,0.04,Table_S2B
NUP62,6.59,22.34,2.95,26.12,Table_S2B
FAM150B,0.08,1.41,0.19,1.21,Table_S2B
MYRF,0.02,0.11,0.02,0.08,Table_S2B
TIPIN,1.89,9.36,1.31,5.76,Table_S2B
ZNF788_2,0.17,2.47,0.35,2.18,Table_S2B
SLC30A3,0.01,0.26,0.04,0.24,Table_S2B
EMILIN3,0.49,0.83,0.12,0.83,Table_S2B
SPTBN2,0.17,0.69,0.10,0.76,Table_S2B
ANKLE1,0.51,3.20,0.46,3.82,Table_S2B
MAFB,0.59,3.47,0.51,3.79,Table_S2B
RP11-132A1.4,0.81,6.17,0.91,4.72,Table_S2B
SLC2A4,0.02,1.14,0.17,1.22,Table_S2B
AIF1L,0.27,0.87,0.13,1.16,Table_S2B
E2F2,0.54,1.40,0.21,1.55,Table_S2B
PIK3R3,1.57,8.73,1.33,4.61,Table_S2B
KIAA1671,0.14,0.45,0.07,0.20,Table_S2B
CHAF1B,1.53,8.14,1.25,7.90,Table_S2B
L2HGDH,0.29,1.75,0.27,0.90,Table_S2B
INA,1.41,5.32,0.83,4.30,Table_S2B
SYT12,0.32,0.81,0.13,1.50,Table_S2B
RHBDL3,0.23,1.45,0.23,2.30,Table_S2B
NR6A1,0.04,0.41,0.07,0.25,Table_S2B
IL17RB,1.14,5.70,0.93,4.32,Table_S2B
MESP1,0.12,0.51,0.08,0.41,Table_S2B
BRI3BP,2.15,9.65,1.59,6.27,Table_S2B
MCM2,8.27,29.87,4.99,39.82,Table_S2B
RHOV,0.09,0.96,0.16,0.79,Table_S2B
NETO2,2.28,12.33,2.08,7.66,Table_S2B
RBPMS2,1.30,4.49,0.76,5.23,Table_S2B
DNAJC9,3.83,17.29,2.94,11.24,Table_S2B
TGFB3,0.25,1.51,0.26,0.85,Table_S2B
GPC2,0.31,0.90,0.15,0.74,Table_S2B
CDC25A,2.08,10.28,1.77,9.05,Table_S2B
RGS20,0.61,1.16,0.20,0.87,Table_S2B
BHLHE41,0.34,3.24,0.57,1.95,Table_S2B
DTL,1.88,3.99,0.70,2.34,Table_S2B
GINS2,1.83,5.08,0.91,5.77,Table_S2B
GJC1,4.21,16.91,3.06,9.88,Table_S2B
B4GALNT3,0.04,0.19,0.04,0.15,Table_S2B
PGBD5,0.59,0.92,0.17,1.48,Table_S2B
SLC25A19,3.04,15.53,2.87,19.92,Table_S2B
FZD5,0.12,1.80,0.34,1.36,Table_S2B
CENPV,3.14,13.24,2.47,12.84,Table_S2B
LMNB1,4.45,27.51,5.16,15.40,Table_S2B
ZNRF3,0.99,6.10,1.15,5.40,Table_S2B
RP11-315D16.2,1.16,5.48,1.04,5.42,Table_S2B
HUNK,1.15,9.94,1.89,10.58,Table_S2B
NT5M,0.39,0.79,0.15,0.88,Table_S2B
MYO19,2.31,11.44,2.19,10.33,Table_S2B
TYMS,13.74,60.72,11.66,52.16,Table_S2B
CDK5R1,0.57,4.83,0.93,3.50,Table_S2B
KCNAB3,0.87,1.92,0.37,1.57,Table_S2B
RASSF5,0.04,0.62,0.12,0.46,Table_S2B
DUSP2,0.59,9.79,1.90,15.65,Table_S2B
MCM10,0.73,1.77,0.35,1.17,Table_S2B
GNAL,0.18,0.57,0.11,0.38,Table_S2B
RBM38,4.16,13.73,2.70,17.43,Table_S2B
NR4A2,0.99,17.78,3.52,12.35,Table_S2B
BMP6,2.89,10.30,2.05,7.33,Table_S2B
CTC-326K19.6,7.44,23.84,4.74,19.48,Table_S2B
PCNA,32.27,78.08,15.53,50.78,Table_S2B
EVA1C,1.00,2.62,0.53,3.10,Table_S2B
MIR155HG,0.79,6.00,1.21,3.72,Table_S2B
SFMBT1,0.91,4.69,0.95,3.31,Table_S2B
CYP2D7P,0.39,0.67,0.14,0.38,Table_S2B
SLC6A17,1.36,3.52,0.72,5.90,Table_S2B
PDGFA,3.70,5.52,1.13,5.34,Table_S2B
METTL21A,0.87,2.22,0.46,1.77,Table_S2B
CDC6,4.48,9.44,1.96,5.94,Table_S2B
B4GALNT1,0.34,1.83,0.39,1.75,Table_S2B
RP11-667K14.3,1.45,4.67,0.99,2.65,Table_S2B
SLBP,21.11,93.16,19.88,63.39,Table_S2B
KIF26A,3.41,5.20,1.11,7.86,Table_S2B
NFATC1,1.19,7.57,1.62,10.60,Table_S2B
NPTX2,0.35,3.58,0.77,3.87,Table_S2B
POU3F2,0.07,0.97,0.21,0.38,Table_S2B
HES4,2.91,28.28,6.18,33.17,Table_S2B
NASP,5.96,26.16,5.72,16.17,Table_S2B
RPS6KA1,0.29,1.03,0.22,1.53,Table_S2B
NR4A3,0.83,15.19,3.33,11.21,Table_S2B
ZNF232,1.66,5.20,1.14,3.54,Table_S2B
SLC19A1,1.53,5.81,1.28,8.59,Table_S2B
STRIP2,0.26,3.15,0.69,1.55,Table_S2B
BEND3,1.34,6.09,1.35,5.22,Table_S2B
RAC3,1.96,4.79,1.07,5.14,Table_S2B
UBE2T,4.55,12.83,2.88,8.70,Table_S2B
SPIRE2,0.73,1.81,0.41,2.05,Table_S2B
RFX2,0.45,1.76,0.40,1.89,Table_S2B
NFIB,0.22,1.10,0.25,0.69,Table_S2B
FZD9,0.63,2.61,0.60,4.17,Table_S2B
TRAF1,0.48,15.56,3.59,12.94,Table_S2B
MCM7,21.49,73.70,17.07,96.50,Table_S2B
TMPO-AS1,0.28,1.01,0.23,0.65,Table_S2B
MAP3K14,3.86,19.76,4.58,23.33,Table_S2B
FGFR2,0.04,0.17,0.04,0.10,Table_S2B
TMEM201,3.81,13.12,3.06,18.81,Table_S2B
ALOX12,0.01,0.45,0.10,0.73,Table_S2B
HS3ST2,0.16,0.73,0.17,1.68,Table_S2B
PPP1R14C,4.40,11.28,2.65,13.52,Table_S2B
CNIH2,0.45,1.43,0.34,1.88,Table_S2B
ARRB2,1.55,4.86,1.14,5.70,Table_S2B
MARCKSL1,33.09,161.70,38.19,181.42,Table_S2B
PARD6G,1.06,2.16,0.51,1.92,Table_S2B
HMCES,7.38,23.37,5.55,25.24,Table_S2B
FANCA,1.24,5.75,1.38,5.65,Table_S2B
GINS3,1.32,4.08,0.98,3.69,Table_S2B
ANKRD33B,0.61,1.20,0.29,0.71,Table_S2B
STXBP6,0.24,0.46,0.11,0.30,Table_S2B
C1orf35,2.53,4.12,1.01,5.29,Table_S2B
SAMD1,14.53,26.36,6.49,35.69,Table_S2B
E2F1,5.23,10.80,2.67,14.26,Table_S2B
XYLB,0.61,1.83,0.46,1.22,Table_S2B
EZH2,2.00,18.71,4.66,11.91,Table_S2B
CDCA4,7.53,31.20,7.78,37.51,Table_S2B
TCF7,1.22,2.30,0.58,2.91,Table_S2B
FAXC,0.21,0.74,0.19,0.49,Table_S2B
PAQR8,1.56,2.98,0.75,1.56,Table_S2B
MEX3D,13.55,43.15,10.97,52.64,Table_S2B
IRX3,4.33,14.99,3.83,16.87,Table_S2B
DCTPP1,10.57,47.63,12.18,72.60,Table_S2B
UCP2,0.93,2.28,0.59,2.47,Table_S2B
CD83,3.85,58.17,15.22,54.34,Table_S2B
TYRO3,3.49,11.15,2.94,14.01,Table_S2B
TMEM121,2.91,6.80,1.80,7.89,Table_S2B
RP11-875O11.2,0.04,0.30,0.08,0.18,Table_S2B
ATP6V0E2-AS1,0.86,2.20,0.58,1.99,Table_S2B
ZNF468,0.12,0.63,0.17,0.28,Table_S2B
NR2C2AP,5.04,19.32,5.18,22.66,Table_S2B
DGAT2,0.04,0.57,0.15,0.76,Table_S2B
TMEM200B,9.34,15.97,4.31,17.65,Table_S2B
SPATA33,1.49,3.39,0.92,3.62,Table_S2B
LRRC20,0.88,1.83,0.50,1.81,Table_S2B
PLEKHG3,1.48,3.09,0.86,3.85,Table_S2B
GPRIN1,2.11,5.51,1.53,5.78,Table_S2B
RHPN2,1.43,5.49,1.53,3.48,Table_S2B
POLE,2.20,6.68,1.86,7.41,Table_S2B
SFXN2,0.68,1.37,0.38,1.20,Table_S2B
MCM3,17.95,53.01,14.82,46.52,Table_S2B
MCM5,5.48,14.07,3.96,18.80,Table_S2B
SLC1A4,5.25,12.71,3.60,15.53,Table_S2B
TOE1,6.58,17.26,4.90,20.79,Table_S2B
CALML4,0.88,2.27,0.65,1.30,Table_S2B
RNF208,1.33,1.89,0.54,2.31,Table_S2B
DCLRE1B,2.57,4.79,1.39,3.30,Table_S2B
TMEM97,8.63,29.68,8.63,20.00,Table_S2B
ZYG11A,0.21,0.78,0.23,0.47,Table_S2B
TSLP,0.08,4.17,1.22,4.17,Table_S2B
PKMYT1,2.55,5.28,1.56,7.73,Table_S2B
CDH24,2.06,4.28,1.27,4.70,Table_S2B
C17orf96,0.96,51.60,15.44,73.71,Table_S2B
FAM222A,0.42,1.09,0.33,2.29,Table_S2B
C17orf58,5.89,98.04,29.66,86.96,Table_S2B
C19orf48,14.74,34.14,10.40,45.50,Table_S2B
XRCC3,0.84,2.30,0.70,2.65,Table_S2B
LRP8,1.62,6.88,2.12,4.16,Table_S2B
ANKRD9,4.29,14.81,4.56,17.07,Table_S2B
CPNE7,2.01,3.62,1.12,3.18,Table_S2B
DUSP5P1,0.10,0.41,0.13,0.19,Table_S2B
PHLPP1,1.58,4.80,1.50,3.94,Table_S2B
DOT1L,2.87,11.15,3.48,12.89,Table_S2B
SOBP,1.69,2.75,0.86,2.42,Table_S2B
RAMP1,13.58,24.21,7.59,28.78,Table_S2B
HAS1,0.07,2.17,0.68,3.93,Table_S2B
TONSL,2.28,4.33,1.37,5.14,Table_S2B
RRP7B,1.43,3.64,1.16,3.77,Table_S2B
KIAA1161,0.32,0.40,0.13,0.45,Table_S2B
FOSB,0.04,0.76,0.24,1.51,Table_S2B
MB21D1,1.69,10.72,3.45,6.09,Table_S2B
NR4A1,1.13,5.58,1.79,7.20,Table_S2B
EPPK1,0.13,0.26,0.09,0.23,Table_S2B
ZMYND19,16.55,52.30,17.04,63.49,Table_S2B
EFS,10.46,21.04,6.87,25.24,Table_S2B
UHRF1BP1,1.16,5.10,1.67,3.06,Table_S2B
OPN3,4.84,8.76,2.90,5.44,Table_S2B
C3orf52,0.44,1.91,0.63,1.38,Table_S2B
ADCY1,0.15,0.40,0.13,0.36,Table_S2B
LIPE,0.56,1.47,0.49,3.09,Table_S2B
FANCE,4.33,7.33,2.45,9.19,Table_S2B
HCN3,0.90,1.55,0.52,1.65,Table_S2B
KLF11,3.64,11.05,3.71,7.97,Table_S2B
SOX7_1,0.48,0.91,0.31,0.58,Table_S2B
HAUS8,1.58,2.14,0.72,1.78,Table_S2B
ANKMY1,0.82,1.40,0.47,1.12,Table_S2B
EHD1,29.36,85.82,29.14,111.84,Table_S2B
SAC3D1,8.75,14.32,4.87,19.63,Table_S2B
FOXD2,0.21,0.69,0.24,0.73,Table_S2B
LRRC3,1.10,2.87,0.98,3.51,Table_S2B
IL17D,2.10,4.48,1.54,4.40,Table_S2B
CEP85,1.89,2.94,1.01,2.38,Table_S2B
EZR,23.23,49.63,17.09,40.63,Table_S2B
AXIN2,0.86,1.88,0.65,1.45,Table_S2B
GRASP,3.63,4.27,1.48,5.66,Table_S2B
RP11-316M1.12,1.72,3.15,1.09,2.12,Table_S2B
WNT9A,1.60,3.53,1.23,4.81,Table_S2B
PROCA1,0.22,0.33,0.12,0.31,Table_S2B
FAM53A,0.64,0.82,0.29,0.95,Table_S2B
SLMO1,1.23,2.39,0.84,2.61,Table_S2B
CELSR3,0.53,0.76,0.27,0.79,Table_S2B
TAC1,0.17,4.30,1.51,3.65,Table_S2B
PSMC3IP,2.08,5.47,1.92,3.95,Table_S2B
ABHD11,6.34,6.71,2.36,8.94,Table_S2B
MAMLD1,3.17,7.86,2.78,7.04,Table_S2B
GDNF,1.01,3.97,1.41,4.70,Table_S2B
UNG,12.71,24.77,8.79,23.52,Table_S2B
ZDHHC14,1.84,3.38,1.20,4.14,Table_S2B
IMPA2,3.71,7.81,2.80,10.10,Table_S2B
CASP2,4.77,14.56,5.22,12.94,Table_S2B
AC025335.1,7.73,8.82,3.17,8.19,Table_S2B
SLC4A11,1.27,1.56,0.56,1.66,Table_S2B
C1orf21,1.45,3.07,1.11,1.75,Table_S2B
SH2B2,1.49,2.86,1.04,3.69,Table_S2B
SLC46A1,1.79,3.87,1.40,4.51,Table_S2B
GINS1,1.43,2.37,0.86,1.42,Table_S2B
ZNF692,4.23,9.27,3.39,7.20,Table_S2B
BRICD5,0.94,2.11,0.77,2.01,Table_S2B
ORC6,1.46,2.87,1.06,1.98,Table_S2B
PLEKHH3,3.87,7.80,2.87,10.07,Table_S2B
SIK1,1.30,4.78,1.77,5.62,Table_S2B
SOGA2,3.75,3.93,1.45,2.99,Table_S2B
TLE3,2.62,4.79,1.80,5.19,Table_S2B
UBTF,19.27,33.48,12.61,36.33,Table_S2B
CEP72,0.42,0.68,0.26,0.51,Table_S2B
SYNGR3,0.29,0.75,0.28,0.77,Table_S2B
CABLES2,3.62,7.33,2.78,7.81,Table_S2B
MMP9,0.28,4.24,1.61,5.59,Table_S2B
KLHL29,3.14,9.24,3.53,8.48,Table_S2B
FGFRL1,11.83,22.05,8.42,29.25,Table_S2B
HAGHL,2.24,2.95,1.13,3.18,Table_S2B
PTMA,158.55,366.11,139.82,253.05,Table_S2B
KCTD15,7.01,12.84,4.90,13.08,Table_S2B
DUSP1,8.11,68.15,26.05,77.77,Table_S2B
RUSC1,7.32,14.69,5.62,20.60,Table_S2B
BCL7A,0.90,4.46,1.71,4.82,Table_S2B
RDH13,0.57,1.39,0.53,1.81,Table_S2B
PARP1,11.99,39.52,15.20,25.43,Table_S2B
ASF1B,4.34,8.45,3.26,12.13,Table_S2B
TBXA2R,0.93,1.17,0.45,1.78,Table_S2B
ARSI,5.38,7.51,2.92,11.98,Table_S2B
BCL9,4.06,6.44,2.51,5.99,Table_S2B
MTHFD1,8.78,22.25,8.68,13.51,Table_S2B
SFI1,1.29,2.06,0.80,1.60,Table_S2B
C2CD2,6.39,10.81,4.24,5.56,Table_S2B
TRAF4,8.74,26.99,10.63,35.69,Table_S2B
KLF16,15.67,30.90,12.24,46.16,Table_S2B
C21orf58,0.70,0.75,0.30,0.58,Table_S2B
KDM2B,1.78,4.72,1.87,4.84,Table_S2B
PROB1,1.43,4.04,1.61,5.21,Table_S2B
N4BP3,0.85,1.84,0.73,2.61,Table_S2B
SIMC1,1.76,5.47,2.20,4.41,Table_S2B
MYBL2,3.89,8.38,3.37,11.76,Table_S2B
HIST2H4A,1.44,4.00,1.61,3.11,Table_S2B
TELO2,10.71,21.11,8.51,26.44,Table_S2B
NECAB3,3.91,5.42,2.19,6.80,Table_S2B
PLCXD1,2.37,5.43,2.20,8.56,Table_S2B
TLE1,4.23,13.50,5.48,13.54,Table_S2B
WHSC1,3.43,8.13,3.30,5.89,Table_S2B
ZNF514,0.79,1.28,0.52,0.68,Table_S2B
PIDD,3.06,3.84,1.58,5.11,Table_S2B
FZD1,8.87,9.82,4.05,8.29,Table_S2B
SHANK3,1.11,2.35,0.97,3.08,Table_S2B
LIN52,2.82,8.52,3.53,5.20,Table_S2B
ANP32B,59.53,125.89,52.68,101.48,Table_S2B
ACD,4.65,9.53,4.00,12.53,Table_S2B
ABTB2,4.66,11.75,4.94,17.89,Table_S2B
NXT1,19.23,46.67,19.65,54.67,Table_S2B
CDK2,4.66,21.09,8.88,15.21,Table_S2B
MPP3,1.96,3.02,1.28,2.68,Table_S2B
NTF3,3.70,5.43,2.31,3.42,Table_S2B
KCNG1,2.13,4.49,1.91,6.27,Table_S2B
DNMT1,11.30,24.84,10.59,22.01,Table_S2B
RPA1,9.12,20.10,8.60,12.27,Table_S2B
RAB15,4.53,7.35,3.16,7.37,Table_S2B
DDX11,3.08,5.74,2.48,5.60,Table_S2B
RGS10,24.98,50.24,21.74,37.70,Table_S2B
RFC5,2.75,4.74,2.06,3.41,Table_S2B
GPR157,1.77,3.54,1.54,4.95,Table_S2B
ATRIP,3.01,4.80,2.09,4.71,Table_S2B
BAIAP2L1,0.43,1.20,0.52,0.86,Table_S2B
USP13,1.83,6.17,2.71,3.95,Table_S2B
FOXC2,0.69,2.80,1.23,3.44,Table_S2B
KIAA1522,5.57,9.04,3.97,11.24,Table_S2B
AJAP1,0.99,1.80,0.79,1.90,Table_S2B
DUSP5,15.52,72.43,31.91,77.96,Table_S2B
PGP,10.08,18.70,8.27,21.95,Table_S2B
SMCO4,5.01,7.48,3.31,7.32,Table_S2B
RFWD3,4.96,13.87,6.15,8.57,Table_S2B
ZNF789,0.71,1.20,0.53,0.63,Table_S2B
FAM118A,3.43,7.66,3.40,4.99,Table_S2B
CTPS1,8.59,25.79,11.49,25.63,Table_S2B
GPR161,3.13,5.85,2.61,5.45,Table_S2B
HABP4,4.14,8.48,3.81,6.37,Table_S2B
TIMELESS,4.52,7.02,3.16,6.69,Table_S2B
STX11,0.52,15.21,6.87,12.58,Table_S2B
HNRNPAB,102.45,277.79,125.89,257.31,Table_S2B
SLCO5A1,0.05,0.98,0.44,0.73,Table_S2B
RELT,1.03,4.22,1.92,5.41,Table_S2B
VSIG10,2.32,3.72,1.70,2.31,Table_S2B
TCF3,15.84,29.29,13.41,33.24,Table_S2B
THEM6,5.06,4.51,2.07,7.64,Table_S2B
PKN3,1.25,2.70,1.24,3.02,Table_S2B
LIG1,2.00,2.60,1.19,2.63,Table_S2B
PAK1,4.83,8.02,3.70,6.02,Table_S2B
TMEM164,4.49,7.60,3.52,8.12,Table_S2B
TMC7,0.18,0.24,0.11,0.17,Table_S2B
FOXP4,3.99,6.91,3.21,8.23,Table_S2B
IQCC,1.04,1.25,0.58,1.57,Table_S2B
RNASEH2B,3.87,6.27,2.91,4.60,Table_S2B
PVRL1,5.97,9.25,4.32,12.40,Table_S2B
TRAF2,4.79,15.51,7.24,17.72,Table_S2B
RPIA,8.62,23.44,10.95,15.30,Table_S2B
KIAA0513,2.77,2.66,1.25,3.00,Table_S2B
DHTKD1,2.37,4.11,1.92,2.44,Table_S2B
INSR,1.75,4.46,2.09,3.15,Table_S2B
POLD1,3.89,5.91,2.77,6.88,Table_S2B
SLC7A1,18.14,53.25,24.98,53.35,Table_S2B
STK4,3.81,9.24,4.35,4.65,Table_S2B
FADS1,3.17,9.87,4.64,6.99,Table_S2B
CHAF1A,3.95,5.58,2.63,6.62,Table_S2B
NBPF11,0.25,0.68,0.32,0.30,Table_S2B
PSTK,0.29,0.52,0.24,0.28,Table_S2B
ZNF672,6.86,16.69,7.90,23.85,Table_S2B
HADH,4.25,6.96,3.30,5.66,Table_S2B
HIP1,5.22,9.31,4.42,5.12,Table_S2B
SLC2A4RG,22.67,31.33,14.89,40.11,Table_S2B
FNDC1,2.79,7.64,3.63,7.50,Table_S2B
NOTCH1,3.55,5.37,2.56,5.10,Table_S2B
LPAR2,1.57,1.57,0.75,2.01,Table_S2B
GLI2,2.87,4.74,2.27,5.29,Table_S2B
MAST3,2.27,3.00,1.44,4.12,Table_S2B
LRIG1,12.35,29.01,13.92,24.90,Table_S2B
NCKIPSD,5.97,7.67,3.69,9.51,Table_S2B
STRA13,15.20,21.71,10.47,27.35,Table_S2B
CKB,3.81,5.57,2.69,8.22,Table_S2B
NUDT8,1.97,3.51,1.70,3.98,Table_S2B
TMEM159,7.63,15.04,7.30,15.81,Table_S2B
POLA2,2.90,4.85,2.36,5.24,Table_S2B
CCNF,2.88,5.62,2.73,7.95,Table_S2B
WDR34,19.95,22.65,11.00,30.87,Table_S2B
AGAP1,1.67,2.88,1.40,2.45,Table_S2B
GTPBP3,2.26,3.29,1.60,3.42,Table_S2B
CENPM,2.30,3.48,1.70,4.24,Table_S2B
SIK2,2.82,7.09,3.47,5.37,Table_S2B
SCARB1,3.56,5.33,2.61,6.74,Table_S2B
SFXN4,7.37,11.67,5.76,10.72,Table_S2B
HBEGF,1.83,7.72,3.81,9.80,Table_S2B
H2AFY2,9.29,24.11,11.92,27.48,Table_S2B
CBS,8.99,12.61,6.24,14.70,Table_S2B
ADNP2,3.73,8.63,4.29,5.34,Table_S2B
PHF13,11.59,23.25,11.65,26.13,Table_S2B
NFATC2IP,7.20,16.06,8.05,13.54,Table_S2B
TUFT1,2.85,2.79,1.40,3.55,Table_S2B
P4HA3,5.35,11.62,5.83,11.98,Table_S2B
RP11-802E16.3,2.32,2.99,1.52,3.16,Table_S2B
SCD5,6.38,8.52,4.35,5.55,Table_S2B
PARP2,2.63,3.96,2.02,3.07,Table_S2B
RADIL,0.61,2.25,1.15,3.17,Table_S2B
SSBP2,1.41,2.10,1.08,1.48,Table_S2B
ZNF274,1.20,2.08,1.07,1.36,Table_S2B
CLTCL1,0.50,0.81,0.42,0.63,Table_S2B
TSEN54,4.23,6.79,3.53,8.81,Table_S2B
SLC29A1,11.35,12.28,6.39,19.33,Table_S2B
SSBP3,9.50,10.47,5.48,11.01,Table_S2B
MESDC1,10.58,23.84,12.49,28.25,Table_S2B
SLCO4A1,4.20,13.21,6.94,18.99,Table_S2B
RECQL4,3.30,4.09,2.15,5.57,Table_S2B
KCNC4,2.11,1.97,1.04,2.46,Table_S2B
HHEX,3.48,3.47,1.86,2.18,Table_S2B
TTL,4.73,9.94,5.34,6.71,Table_S2B
HIATL1,20.52,42.22,22.72,27.13,Table_S2B
MGAT5,8.33,14.42,7.76,8.52,Table_S2B
LCAT,5.22,5.24,2.82,4.84,Table_S2B
TUB,4.19,7.80,4.20,6.32,Table_S2B
WDYHV1,2.80,6.02,3.25,3.67,Table_S2B
RP11-1212A22.1,4.09,9.10,4.91,8.03,Table_S2B
LEPREL1,1.88,8.29,4.51,7.02,Table_S2B
MCAM,0.97,3.49,1.90,4.13,Table_S2B
CRY2,3.11,6.61,3.62,7.51,Table_S2B
RNF19B,3.71,18.06,9.90,18.47,Table_S2B
NCS1,18.69,35.25,19.34,48.46,Table_S2B
PDE4A,4.49,7.25,3.98,9.37,Table_S2B
RGS12,1.55,1.95,1.07,1.82,Table_S2B
ZNF18,1.92,1.43,0.79,0.83,Table_S2B
RRM2,7.43,14.89,8.23,11.48,Table_S2B
PITPNC1,2.73,7.96,4.40,7.83,Table_S2B
FSTL3,13.42,15.57,8.63,25.40,Table_S2B
JOSD1,14.94,35.82,19.90,39.64,Table_S2B
GAREML,0.95,1.27,0.71,1.49,Table_S2B
NINL,2.08,2.30,1.29,1.68,Table_S2B
JAG1_1,2.57,4.10,2.29,2.42,Table_S2B
PLAGL1,3.44,5.59,3.14,3.57,Table_S2B
RAD51,2.33,3.48,1.96,3.05,Table_S2B
RALGDS,4.59,6.55,3.71,8.82,Table_S2B
FASN,40.27,102.59,58.27,148.47,Table_S2B
SLC41A1,8.16,28.39,16.15,23.82,Table_S2B
RNF144A,1.23,2.88,1.64,2.08,Table_S2B
TNFRSF10A,1.85,5.78,3.30,4.67,Table_S2B
POU6F1,2.22,3.10,1.77,3.49,Table_S2B
ENO2,3.46,9.22,5.27,13.52,Table_S2B
TCF20,6.10,14.52,8.35,9.34,Table_S2B
FAM171A1,9.21,12.16,7.01,10.08,Table_S2B
BRD3,3.26,5.59,3.23,3.98,Table_S2B
CSRP2,3.73,13.15,7.60,9.88,Table_S2B
RNF166,2.09,2.67,1.55,2.64,Table_S2B
AZI1,3.54,4.35,2.53,5.55,Table_S2B
EIF1AD,9.78,22.21,12.94,22.07,Table_S2B
MICAL3,1.80,3.98,2.33,4.08,Table_S2B
NDE1,6.01,9.08,5.39,9.78,Table_S2B
MAST2,12.30,19.69,11.70,22.94,Table_S2B
ATP11A,2.38,4.80,2.87,3.20,Table_S2B
TCF19,4.62,6.35,3.82,7.15,Table_S2B
DNAJA4,0.48,1.31,0.80,0.94,Table_S2B
NRBP2,5.50,6.86,4.24,5.66,Table_S2B
PDE6D,3.06,3.57,2.21,2.43,Table_S2B
ERN1,2.84,9.19,5.88,7.03,Table_S2B
FBF1,1.30,1.22,0.78,1.25,Table_S2B
PHF19,5.43,6.56,4.28,8.19,Table_S2B
PPARD,21.04,53.36,34.83,64.24,Table_S2B
FANCC,1.23,1.83,1.20,1.41,Table_S2B
CMIP,3.06,5.46,3.61,5.84,Table_S2B
SLC10A3,27.63,26.90,17.90,36.87,Table_S2B
C5AR2,0.03,0.00,0.14,0.01,Table_S2D
LRG1,0.00,0.00,0.34,0.06,Table_S2D
C10orf10,0.04,0.01,1.27,0.01,Table_S2D
LBP,0.00,0.07,4.65,0.21,Table_S2D
IL24,0.06,4.45,134.49,4.72,Table_S2D
SPATA31E1,0.01,0.00,0.11,0.01,Table_S2D
IL19,0.13,0.16,2.86,0.13,Table_S2D
FCGR2B,0.00,0.03,0.42,0.01,Table_S2D
ETV7,0.21,0.29,2.96,0.42,Table_S2D
FAM107A,0.06,0.05,0.52,0.06,Table_S2D
SOCS1,1.25,1.06,9.97,3.41,Table_S2D
IRF9,6.41,1.03,6.80,1.12,Table_S2D
VNN1,0.03,0.05,0.32,0.06,Table_S2D
RGS4,5.36,6.66,41.35,4.90,Table_S2D
ABCG1,0.14,0.11,0.66,0.13,Table_S2D
SOCS3,35.66,99.50,601.40,127.05,Table_S2D
RP11-806H10.4,0.30,0.46,2.67,0.95,Table_S2D
MX1,2.27,1.37,7.75,1.54,Table_S2D
EPB42,0.13,0.02,0.10,0.02,Table_S2D
ARHGEF37,0.11,0.03,0.16,0.06,Table_S2D
DYNLL1-AS1,0.17,0.06,0.32,0.25,Table_S2D
BATF2,2.11,0.32,1.63,0.45,Table_S2D
APOL6,2.61,2.06,9.93,1.56,Table_S2D
APOL3,1.31,0.54,2.59,0.48,Table_S2D
SPATA6L,0.05,0.03,0.14,0.04,Table_S2D
MCHR1,0.02,0.05,0.21,0.03,Table_S2D
TP53INP1,0.39,0.14,0.68,0.11,Table_S2D
DTX3L,5.97,2.84,12.87,1.90,Table_S2D
EBI3,1.01,0.55,2.39,0.96,Table_S2D
CTGLF12P,0.45,0.10,0.44,0.15,Table_S2D
DLL1,1.48,1.11,4.68,0.87,Table_S2D
PRDM1,4.71,5.61,23.68,4.25,Table_S2D
GNA14,0.72,1.39,5.84,0.68,Table_S2D
C6orf132,1.13,1.15,4.82,1.28,Table_S2D
NOD1,0.91,1.06,4.42,1.27,Table_S2D
EPSTI1,0.61,0.47,1.90,0.34,Table_S2D
DHX58,2.61,0.84,3.37,0.92,Table_S2D
AC007383.3,1.44,0.41,1.64,0.55,Table_S2D
CD7,0.62,2.05,8.01,2.58,Table_S2D
OAS1,0.51,0.22,0.84,0.34,Table_S2D
TRAFD1,10.52,8.68,32.86,9.24,Table_S2D
PIK3IP1,2.54,1.29,4.87,1.76,Table_S2D
RTP4,1.04,0.47,1.76,0.23,Table_S2D
ANGPTL4,11.81,7.95,29.34,18.39,Table_S2D
MMP1,326.93,276.77,1013.37,189.05,Table_S2D
MIR143HG,0.46,0.37,1.34,0.27,Table_S2D
C2orf68,0.20,0.05,0.19,0.10,Table_S2D
ZFYVE26,2.31,1.73,6.07,1.54,Table_S2D
KIAA0226L,0.16,1.84,6.42,1.70,Table_S2D
GBP4,0.36,0.73,2.55,0.28,Table_S2D
SEMA6B,0.12,0.06,0.21,0.12,Table_S2D
PHF21A,2.38,1.34,4.59,1.01,Table_S2D
GPR37,0.15,0.34,1.17,0.41,Table_S2D
C12orf68,1.38,0.21,0.68,0.53,Table_S2D
CHI3L1,1.52,1.90,6.28,1.69,Table_S2D
BCL6,4.29,3.69,12.13,2.68,Table_S2D
LRRC32,8.49,8.32,27.06,10.66,Table_S2D
TRAF3IP2,5.05,5.07,15.83,4.90,Table_S2D
TMEM204,17.98,6.12,19.03,10.22,Table_S2D
FCRLB,1.01,0.84,2.61,0.59,Table_S2D
OAS3,1.23,1.43,4.39,1.93,Table_S2D
FLT3LG,1.98,0.96,2.93,1.35,Table_S2D
TAP1,7.67,10.08,30.72,10.68,Table_S2D
IFI35,10.55,6.51,19.43,8.54,Table_S2D
PTGIR,7.99,3.10,9.26,3.05,Table_S2D
GLYCTK,0.54,0.17,0.48,0.40,Table_S2D
PPP1R3B,2.28,1.00,2.85,0.78,Table_S2D
DTX4,5.93,8.01,22.65,9.33,Table_S2D
TXNIP,39.47,4.02,11.33,2.74,Table_S2D
PRR5,8.72,5.64,15.85,7.23,Table_S2D
FAM115D,0.18,1.20,3.33,1.26,Table_S2D
GYG2,1.64,1.58,4.27,1.87,Table_S2D
IRF7,3.83,2.92,7.85,4.49,Table_S2D
RP11-667K14.4,1.53,0.85,2.26,2.75,Table_S2D
FAIM3,0.31,0.78,2.08,1.10,Table_S2D
ST5,7.33,6.24,16.69,6.81,Table_S2D
IL4I1,0.70,1.63,4.32,1.79,Table_S2D
PLEKHF1,5.43,1.67,4.41,2.28,Table_S2D
TMEM255B,2.47,1.45,3.80,2.61,Table_S2D
C1QTNF6,3.54,0.82,2.15,0.98,Table_S2D
ATP2B3,0.02,0.07,0.17,0.16,Table_S2D
STAT2,31.06,11.98,31.26,12.18,Table_S2D
SIPA1L2,5.37,7.73,19.73,5.19,Table_S2D
SPOCD1,8.00,3.99,10.14,4.35,Table_S2D
RP11-54A9.1,2.91,2.06,5.17,1.62,Table_S2D
IL1RN,0.17,2.63,6.60,3.33,Table_S2D
HSPA12B,1.22,0.80,1.99,0.77,Table_S2D
CYP26B1,2.89,1.23,3.00,1.12,Table_S2D
TG,0.10,0.18,0.43,0.22,Table_S2D
ASPHD2,0.96,1.07,2.59,1.15,Table_S2D
SDSL,1.90,0.52,1.25,1.07,Table_S2D
PPAPDC3,1.91,0.94,2.23,1.19,Table_S2D
KIAA1755,6.37,2.02,4.77,2.54,Table_S2D
RP11-61L23.2,0.12,0.89,2.11,0.90,Table_S2D
NLRC5,2.87,1.24,2.91,1.16,Table_S2D
TRIM21,17.77,8.30,19.51,7.48,Table_S2D
APOL1,1.47,1.31,3.04,1.78,Table_S2D
ADCK4,3.66,1.81,4.19,2.20,Table_S2D
TENC1,12.98,4.02,9.31,4.30,Table_S2D
NNMT,29.29,51.06,118.04,72.18,Table_S2D
UBE2L6,20.73,13.71,31.67,15.54,Table_S2D
TEX29,1.69,1.04,2.39,1.25,Table_S2D
TRIM16,6.26,4.23,9.72,6.62,Table_S2D
CA12,0.56,2.13,4.90,1.54,Table_S2D
STARD13,6.04,4.70,10.74,3.29,Table_S2D
STARD8,1.20,0.90,2.04,1.26,Table_S2D
BCL9L,16.01,7.52,17.02,10.85,Table_S2D
FAM63A,2.96,0.93,2.09,1.05,Table_S2D
SPRED3,1.30,1.08,2.43,1.17,Table_S2D
TOM1L2,8.74,2.85,6.43,3.76,Table_S2D
SPSB1,16.60,18.79,42.22,21.28,Table_S2D
FAM65C,7.44,7.63,17.06,7.27,Table_S2D
CDC25B,22.76,11.92,26.54,16.77,Table_S2D
RP11-46D6.1,8.64,4.49,9.91,5.13,Table_S2D
TNFRSF1B,2.78,6.45,14.19,5.64,Table_S2D
TMEM217,1.16,1.64,3.61,1.45,Table_S2D
ACSS3,1.11,0.77,1.67,0.51,Table_S2D
C1orf213,0.83,0.41,0.89,0.39,Table_S2D
ELL,9.17,12.45,27.06,15.05,Table_S2D
UBOX5,2.64,1.02,2.22,2.10,Table_S2D
TMEM173,25.94,12.41,26.92,14.55,Table_S2D
SLC7A7,1.86,0.87,1.88,0.95,Table_S2D
WBP1L,23.25,16.37,35.21,19.16,Table_S2D
TGM2,90.09,116.77,250.74,167.83,Table_S2D
TRIM38,3.20,1.82,3.89,1.24,Table_S2D
TTC21A,0.24,0.12,0.25,0.13,Table_S2D
GGN,0.66,0.41,0.88,0.69,Table_S2D
PPM1H,0.19,0.17,0.36,0.19,Table_S2D
MX2,0.42,0.20,0.42,0.17,Table_S2D
NDST2,10.79,4.90,10.33,5.43,Table_S2D
TRIM69,1.25,0.85,1.79,0.61,Table_S2D
KIAA1199,52.84,117.42,246.77,103.13,Table_S2D
EMILIN2,14.36,14.73,30.73,14.58,Table_S2D
KIAA1467,0.87,0.61,1.27,0.55,Table_S2D
SUFU,4.27,1.85,3.85,2.64,Table_S2D
OSCP1,1.68,0.78,1.61,1.08,Table_S2D
HDAC7,17.26,9.67,19.73,10.81,Table_S2D
PRKD2,6.58,2.89,5.88,3.59,Table_S2D
PIM1,9.00,71.06,144.59,79.43,Table_S2D
PSD4,1.07,0.47,0.94,0.68,Table_S2D
FOSL2,9.68,39.08,77.92,33.19,Table_S2D
TNFRSF8,0.15,3.04,6.06,3.02,Table_S2D
PLEKHA4,10.90,6.34,12.61,5.84,Table_S2D
PSMB8,16.89,11.99,23.84,14.60,Table_S2D
VGLL4,4.26,3.29,6.53,2.56,Table_S2D
HLX,4.58,3.80,7.53,5.49,Table_S2D
CDC42EP4,17.53,10.05,19.91,11.87,Table_S2D
KCNE4,0.97,0.79,1.56,0.79,Table_S2D
TM4SF1,1.50,9.53,18.84,5.14,Table_S2D
BOC,18.51,10.57,20.86,10.33,Table_S2D
PFKFB3,18.30,46.98,92.76,57.52,Table_S2D
TRIM25,14.03,27.70,54.45,30.34,Table_S2D
IFI30,1.82,3.24,6.35,4.08,Table_S2D
PNKD,6.33,4.73,9.28,7.16,Table_S2D
HSD17B7,1.45,1.21,2.37,0.93,Table_S2D
MMP14,271.03,196.51,384.45,234.49,Table_S2D
TBC1D22B,4.20,3.08,6.02,3.33,Table_S2D
FAM134C,15.57,8.68,16.91,11.88,Table_S2D
TNFRSF14,2.16,1.09,2.12,1.50,Table_S2D
JAK3,2.90,3.99,7.72,3.74,Table_S2D
FLCN,2.98,1.70,3.28,2.95,Table_S2D
FBXO6,3.39,2.66,5.13,2.71,Table_S2D
C2orf27A,1.56,1.24,2.39,1.27,Table_S2D
SLC25A25,5.27,17.34,33.36,20.25,Table_S2D
RNF24,16.79,24.11,46.30,19.59,Table_S2D
C3,5.83,7.16,13.74,8.01,Table_S2D
MVP,62.94,29.91,57.35,41.22,Table_S2D
ANK1,1.40,3.26,6.24,3.88,Table_S2D
RAB3IL1,15.33,11.54,22.05,16.03,Table_S2D
COL27A1,5.38,7.94,15.15,7.14,Table_S2D
GATS_1,1.54,0.82,1.57,0.77,Table_S2D
RAP2B,5.72,4.67,8.87,3.35,Table_S2D
RRAGC,7.56,6.48,12.22,4.42,Table_S2D
FLOT2,25.78,23.75,44.76,28.28,Table_S2D
ZFYVE28,1.11,0.91,1.71,0.88,Table_S2D
PHACTR1,1.07,1.59,2.98,1.34,Table_S2D
ASB6,21.12,20.16,37.65,27.94,Table_S2D
LRSAM1,3.16,1.28,2.39,1.76,Table_S2D
ZCCHC24,40.44,14.67,27.24,12.26,Table_S2D
IRF1,7.89,6.11,11.32,7.01,Table_S2D
RGMA,0.72,0.63,1.17,0.85,Table_S2D
EPS8L2,6.69,2.67,4.92,3.30,Table_S2D
SLC15A3,1.87,1.67,3.08,2.09,Table_S2D
PXN,43.40,13.69,25.13,16.79,Table_S2D
TUBB1,0.08,0.51,0.94,1.02,Table_S2D
DYRK1B,5.16,2.42,4.43,2.98,Table_S2D
IER3,89.40,216.51,394.81,301.28,Table_S2D
BRD8,8.01,5.17,9.40,3.73,Table_S2D
EGR1,55.49,92.62,168.41,92.57,Table_S2D
PSRC1,3.14,1.51,2.74,2.20,Table_S2D
MOB3C,0.89,0.96,1.75,1.46,Table_S2D
STOM,49.19,69.85,125.89,48.58,Table_S2D
ACOX2,2.02,0.49,0.89,0.46,Table_S2D
TRIB1,5.61,22.85,41.13,19.96,Table_S2D
SLC12A8,1.33,0.62,1.11,0.83,Table_S2D
NKD2,1.38,0.84,1.52,1.40,Table_S2D
CBLN3,3.15,1.41,2.53,1.68,Table_S2D
TSC22D4,13.63,7.76,13.92,9.66,Table_S2D
POC1A,3.90,2.39,4.27,3.15,Table_S2D
SERPINE1,300.33,190.99,341.31,199.27,Table_S2D
SERPINB1,4.83,2.93,5.22,1.96,Table_S2D
TTC23,2.80,1.50,2.67,0.94,Table_S2D
IL15RA,6.53,12.77,22.70,13.00,Table_S2D
BATF3,1.36,15.66,27.85,19.53,Table_S2D
LINC01137,2.49,3.30,5.85,3.58,Table_S2D
BAZ2A,9.79,8.80,15.60,8.24,Table_S2D
STK10,7.96,4.71,8.33,5.53,Table_S2D
ARF3,45.00,38.49,68.00,46.86,Table_S2D
AC010441.1,32.00,12.44,21.96,16.35,Table_S2D
LTBR,29.30,22.99,40.56,30.12,Table_S2D
MRPL2,6.85,3.29,5.79,5.21,Table_S2D
CDKN1A,122.39,262.98,462.30,385.94,Table_S2D
WBP2,11.25,7.83,13.77,10.39,Table_S2D
TNC,142.45,510.55,890.73,540.07,Table_S2D
SFXN5,2.38,3.36,5.84,4.14,Table_S2D
BCAR1,24.98,15.81,27.45,19.92,Table_S2D
HS6ST1,9.04,9.20,15.94,11.25,Table_S2D
ATG2A,7.69,4.10,7.10,5.61,Table_S2D
IFFO2,4.77,3.40,5.87,4.31,Table_S2D
FBLIM1,39.97,23.31,40.27,29.43,Table_S2D
HJURP,2.71,1.90,3.27,1.31,Table_S2D
MTMR9LP,3.75,1.33,2.29,1.81,Table_S2D
PPFIBP2,0.83,0.80,1.38,0.70,Table_S2D
IKBKE,10.14,5.53,9.48,6.45,Table_S2D
ENG,103.18,66.11,113.20,91.78,Table_S2D
PKIG,50.06,32.73,55.98,32.92,Table_S2D
PLK1,3.63,2.69,4.57,4.36,Table_S2D
APOBEC3G,1.00,0.50,0.84,0.56,Table_S2D
AP5Z1,11.40,9.08,15.34,14.65,Table_S2D
CEBPB,111.86,95.75,161.29,135.79,Table_S2D
ADAMTS15,9.97,26.02,43.76,33.77,Table_S2D
PKN1,29.12,14.53,24.37,22.44,Table_S2D
A4GALT,13.12,16.05,26.87,19.64,Table_S2D
DDR1,3.02,1.87,3.13,2.19,Table_S2D
SLC25A28,15.65,26.19,43.79,30.51,Table_S2D
TOMM40L,6.21,3.40,5.68,4.29,Table_S2D
USP18,3.43,2.62,4.37,2.62,Table_S2D
TADA3,29.44,14.29,23.82,20.78,Table_S2D
ACP6,0.36,0.21,0.34,0.24,Table_S2D
KCTD10,14.36,10.27,17.11,10.70,Table_S2D
PSEN2,5.89,4.18,6.94,5.66,Table_S2D
JUN,60.44,37.92,62.91,41.25,Table_S2D
RAB5B,32.26,21.42,35.37,17.66,Table_S2D
BTBD9,2.05,1.79,2.95,1.40,Table_S2D
SHISA5,51.86,32.39,53.23,40.86,Table_S2D
GYS1,12.82,11.15,18.29,15.00,Table_S2D
DCTN2,31.26,16.02,26.26,20.25,Table_S2D
RGS3,4.11,7.88,12.91,9.77,Table_S2D
CLIP3,21.51,8.71,14.25,10.99,Table_S2D
ZFP36,21.95,30.36,49.62,34.85,Table_S2D
TEP1,3.72,2.54,4.15,2.34,Table_S2D
PICK1,1.85,0.74,1.21,0.66,Table_S2D
CCDC69,2.57,2.33,3.81,2.64,Table_S2D
ZNF689,1.68,1.27,2.06,1.76,Table_S2D
GTSE1,2.30,1.67,2.71,2.47,Table_S2D
AP3S2,4.15,2.63,4.28,3.13,Table_S2D
ADAR,26.93,30.89,49.99,22.99,Table_S2D
ACVR1B,6.19,8.12,13.13,6.18,Table_S2D
MED27,15.50,11.64,18.77,13.93,Table_S2D
WARS,36.74,33.03,53.23,30.31,Table_S2D
NCKAP5L,6.98,3.41,5.49,4.57,Table_S2D
C1orf85,21.54,13.14,21.15,17.91,Table_S2D
SNX29,5.12,2.32,3.74,1.86,Table_S2D
FPGS,16.05,12.65,20.35,16.44,Table_S2D
DHX8,6.92,6.22,10.00,5.04,Table_S2D
GBF1,16.42,11.69,18.79,11.79,Table_S2D
CSRNP1,14.49,32.93,52.93,46.68,Table_S2D
ZSWIM1,3.86,1.83,2.94,2.12,Table_S2D
CDC20,11.81,6.82,10.95,9.92,Table_S2D
C17orf103,3.62,4.07,6.53,5.34,Table_S2D
ARFGAP2,13.79,8.21,13.16,10.68,Table_S2D
SMAD7,8.72,12.30,19.68,13.28,Table_S2D
COASY,14.33,9.84,15.72,12.40,Table_S2D
MRPL10,16.90,8.47,13.52,11.55,Table_S2D
CTNND1,15.32,18.91,30.17,13.09,Table_S2D
AP5S1,9.42,4.78,7.63,7.03,Table_S2D
PSKH1,15.45,9.98,15.90,13.58,Table_S2D
COPG1,69.17,50.52,80.43,48.73,Table_S2D
ZMIZ1,18.45,11.09,17.65,10.22,Table_S2D
PSMB10,17.21,12.37,19.68,16.33,Table_S2D
CDKN2D,4.11,1.91,3.04,2.31,Table_S2D
MAX,17.29,12.27,19.51,11.63,Table_S2D
ISY1-RAB43,12.04,8.55,13.57,9.32,Table_S2D
HMGCL,3.90,1.64,2.61,1.73,Table_S2D
RPLP0P2,0.90,5.02,7.96,6.85,Table_S2D
SESN2,11.52,6.83,10.78,9.81,Table_S2D
LINC00963,2.64,0.88,1.39,1.36,Table_S2D
ABCF3,11.21,7.36,11.58,10.09,Table_S2D
BTN3A1,3.96,3.30,5.19,2.70,Table_S2D
TCTA,11.64,6.63,10.42,8.28,Table_S2D
DCAF8_1,11.96,9.30,14.61,9.03,Table_S2D
KIAA0247,6.48,30.78,48.23,32.61,Table_S2D
UBA7,6.30,3.88,6.08,5.64,Table_S2D
AARS2,4.24,2.67,4.18,3.25,Table_S2D
IP6K1,20.44,16.02,24.99,23.30,Table_S2D
MAPKAPK2,45.45,79.16,123.46,99.85,Table_S2D
LRP10,75.24,52.34,81.38,69.16,Table_S2D
TAPBP,26.90,27.75,43.13,30.82,Table_S2D
POLR3A,4.44,4.41,6.85,3.51,Table_S2D
SEC24C,27.18,20.12,31.21,25.07,Table_S2D
CPT2,4.50,2.16,3.34,2.31,Table_S2D
ISG20,0.80,1.12,1.73,1.39,Table_S2D
IFITM1,17.27,15.01,23.21,18.93,Table_S2D
WDR25,3.63,1.95,3.02,2.89,Table_S2D
TBC1D2B,10.96,7.58,11.70,8.36,Table_S2D
NECAP1,5.25,5.55,8.57,4.12,Table_S2D
KIF20A,3.78,2.65,4.09,1.95,Table_S2D
ATG13,16.17,12.87,19.85,15.70,Table_S2D
CDCA3,1.48,0.99,1.52,1.33,Table_S2D
FAM43A,62.61,48.15,74.11,62.84,Table_S2D
CUL7,12.05,6.56,10.07,8.14,Table_S2D
NDRG1,25.87,32.91,50.43,42.55,Table_S2D
PLEKHM2,40.37,36.71,56.09,51.85,Table_S2D
MAVS,18.00,15.83,24.17,18.86,Table_S2D
TAF8,2.56,2.02,3.08,1.53,Table_S2D
GRAMD1A,6.23,15.74,23.95,20.01,Table_S2D
YPEL3,6.95,2.67,4.07,2.81,Table_S2D
YIPF3,48.10,30.03,45.63,44.37,Table_S2D
AAAS,8.18,4.44,6.74,5.60,Table_S2D
PRAF2,31.75,18.30,27.71,26.00,Table_S2D
ELMO2,8.91,7.02,10.61,6.90,Table_S2D
VPS33B,3.56,2.05,3.10,2.03,Table_S2D
ARHGEF17,10.57,5.13,7.76,6.63,Table_S2D
ATP6V0D1,13.33,8.59,12.96,13.90,Table_S2D
ZDHHC9,17.58,17.60,26.51,21.01,Table_S2D
VDR,25.01,15.35,23.12,17.12,Table_S2D
LZTR1,13.42,9.82,14.77,12.29,Table_S2D
MARCH2,7.30,4.10,6.16,4.94,Table_S2D
UBE3B,3.88,2.78,4.17,2.59,Table_S2D
TRAPPC3,17.66,12.32,18.49,13.46,Table_S2D
SLC6A6,21.98,13.24,19.87,9.70,Table_S2D
SHC1,117.20,84.75,127.07,107.77,Table_S2D
ZNF500,3.06,1.81,2.71,2.83,Table_S2D
SZT2,3.25,2.17,3.25,2.35,Table_S2D
CARS,10.05,6.40,9.59,6.61,Table_S2D
DHX16,14.71,11.68,17.50,14.84,Table_S2D
S100A10,128.30,79.83,119.58,98.49,Table_S2D
SH3BP2,3.59,4.04,6.04,3.87,Table_S2D
CCL26,0.56,11.60,71.20,14.53,Table_S2E
APOL2,8.15,3.84,23.35,4.61,Table_S2E
SEMA4B,2.93,3.72,19.00,4.43,Table_S2E
RASL12,13.08,2.16,10.79,2.54,Table_S2E
HELZ2,4.38,3.21,15.58,4.22,Table_S2E
SP110,1.40,0.50,2.21,0.63,Table_S2E
SBNO2,16.05,16.37,58.63,22.18,Table_S2E
UBALD2,34.58,13.22,44.34,19.06,Table_S2E
ITPKC,16.11,12.28,39.19,16.11,Table_S2E
PML,6.06,3.14,9.54,3.85,Table_S2E
SECTM1,35.87,55.95,164.79,77.87,Table_S2E
DEPTOR,0.34,0.17,0.47,0.24,Table_S2E
MTHFR,3.36,2.02,5.44,2.96,Table_S2E
ZFYVE1,7.44,4.41,11.47,5.49,Table_S2E
CEBPD,23.62,74.85,184.26,84.90,Table_S2E
BAK1,19.77,13.32,30.43,19.49,Table_S2E
HRH1,2.66,8.51,19.43,6.05,Table_S2E
CTDSP2,64.14,38.66,88.00,46.42,Table_S2E
MTMR3,4.36,2.05,4.66,2.45,Table_S2E
RP11-468E2.4,8.94,4.08,9.12,5.15,Table_S2E
BCL3,10.53,17.25,37.83,22.39,Table_S2E
AMOTL2,23.92,21.02,44.42,19.64,Table_S2E
PLEKHM1,5.66,2.66,5.51,3.68,Table_S2E
CALHM2,28.74,6.97,14.29,10.14,Table_S2E
BAG3,38.04,28.99,59.20,36.51,Table_S2E
OSBP,13.18,7.79,15.79,6.83,Table_S2E
TNS3,52.03,24.03,48.44,25.16,Table_S2E
PPP2R5B,9.07,3.84,7.72,4.97,Table_S2E
PEX11B,12.98,4.68,9.34,5.70,Table_S2E
POR,11.80,10.28,19.37,14.87,Table_S2E
ARAP1,16.26,5.57,10.39,7.18,Table_S2E
ANPEP,314.65,519.67,969.09,706.96,Table_S2E
HK1,28.15,31.79,58.57,35.10,Table_S2E
RBMS2,9.16,5.66,10.38,4.68,Table_S2E
KDM4B,6.25,3.58,6.48,4.47,Table_S2E
CDC42EP2,42.64,32.00,57.80,41.26,Table_S2E
EDA2R,9.55,4.14,7.47,3.05,Table_S2E
TP53,17.19,9.23,16.61,13.89,Table_S2E
MAPK14,9.77,10.77,19.27,6.99,Table_S2E
MYD88,17.69,10.06,17.86,13.27,Table_S2E
CISH,0.62,7.26,12.83,9.85,Table_S2E
TNFRSF1A,78.39,53.13,92.18,69.03,Table_S2E
TFE3,36.71,18.12,31.08,25.54,Table_S2E
SERTAD1,30.62,17.36,29.71,25.39,Table_S2E
TMEM115,29.94,20.85,35.63,34.00,Table_S2E
KDM4A,10.37,6.08,10.37,5.75,Table_S2E
IPO13,9.95,5.67,9.51,8.25,Table_S2E
EXD2,2.47,2.04,3.40,1.93,Table_S2E
PITRM1,15.72,20.15,32.68,18.55,Table_S2E
SLC25A44,6.37,5.35,8.64,6.17,Table_S2E
VIPAS39,6.34,2.71,4.37,2.85,Table_S2E
ASB8,5.30,2.44,3.92,1.96,Table_S2E
PCTP,1.69,1.09,1.74,1.01,Table_S2E
RNF185,20.68,16.89,26.88,17.78,Table_S2E
SYS1,4.84,3.72,5.89,4.96,Table_S2E
DNTTIP1,16.57,8.06,12.76,11.89,Table_S2E
GATAD2B,4.28,3.07,4.85,3.10,Table_S2E
TTC9C,7.15,6.94,10.88,6.79,Table_S2E
MED8,18.87,12.68,19.77,12.17,Table_S2E
SUPT6H,18.36,20.04,31.01,17.86,Table_S2E
USP19,16.14,10.42,16.09,15.12,Table_S2E
TBCC,12.60,7.61,11.73,10.15,Table_S2E
DMAP1,5.40,3.08,4.67,3.52,Table_S2E
ZXDC,2.09,2.48,1.66,2.18,Table_S3A
ACOT7,11.88,16.84,11.25,23.55,Table_S3A
PDP2,3.02,4.12,2.75,3.03,Table_S3A
LCMT2,6.31,8.28,5.52,8.86,Table_S3A
SLC10A3,27.63,26.90,17.90,36.87,Table_S3A
ARF6,49.75,72.46,48.21,73.18,Table_S3A
MBD3,35.85,44.19,29.36,62.79,Table_S3A
BCORL1,2.31,3.14,2.09,2.95,Table_S3A
ATPAF1,3.87,4.04,2.67,2.34,Table_S3A
HIC2,1.18,1.62,1.07,1.65,Table_S3A
YDJC,9.79,7.52,4.97,9.43,Table_S3A
EIF4EBP1,47.90,43.45,28.60,58.45,Table_S3A
GNL1,15.04,20.48,13.46,22.90,Table_S3A
APEX1,83.48,107.16,70.22,100.96,Table_S3A
SMYD2,3.64,4.15,2.71,2.77,Table_S3A
FANCC,1.23,1.83,1.20,1.41,Table_S3A
PHF19,5.43,6.56,4.28,8.19,Table_S3A
DIAPH1,15.43,22.67,14.70,17.71,Table_S3A
MMP17,6.50,5.51,3.54,7.38,Table_S3A
CTNNBIP1,5.89,5.13,3.30,5.00,Table_S3A
FBF1,1.30,1.22,0.78,1.25,Table_S3A
CHRAC1,8.57,12.78,8.20,8.92,Table_S3A
MRPL17,31.99,38.32,24.57,36.04,Table_S3A
NDOR1,6.08,8.33,5.34,10.08,Table_S3A
ANKH,15.20,14.78,9.42,13.81,Table_S3A
NAP1L4,13.45,20.09,12.79,14.56,Table_S3A
LDLRAP1,4.90,5.58,3.55,6.28,Table_S3A
TMEM18,4.92,5.47,3.48,5.23,Table_S3A
AFG3L1P,1.16,1.35,0.86,1.33,Table_S3A
UBQLN4,17.97,23.65,14.86,27.89,Table_S3A
CDKN2C,5.57,6.02,3.77,7.25,Table_S3A
LRRC42,20.39,27.63,17.30,22.79,Table_S3A
ZNF324,5.47,7.89,4.93,10.86,Table_S3A
STARD7,34.33,50.36,31.46,39.68,Table_S3A
RAB4A,8.31,10.16,6.34,7.96,Table_S3A
PMS2,1.88,2.27,1.42,1.44,Table_S3A
ZC4H2,1.40,1.59,0.99,1.44,Table_S3A
RASSF1,20.14,29.57,18.39,37.96,Table_S3A
CKLF,8.15,9.13,5.67,6.74,Table_S3A
RTN3,15.15,21.31,13.21,16.02,Table_S3A
PDE6D,3.06,3.57,2.21,2.43,Table_S3A
NRBP2,5.50,6.86,4.24,5.66,Table_S3A
GIT1,8.71,12.23,7.54,17.76,Table_S3A
CTXN1,13.29,9.50,5.84,13.46,Table_S3A
PPA2,3.57,3.51,2.16,2.36,Table_S3A
HTRA3,22.65,15.69,9.64,21.76,Table_S3A
SNHG6,27.29,30.51,18.71,21.19,Table_S3A
AGAP3,6.92,8.05,4.94,10.67,Table_S3A
PFKP,21.88,31.81,19.48,41.90,Table_S3A
TRIM28,86.71,111.88,68.28,156.85,Table_S3A
LSM14B,13.13,18.13,11.06,17.25,Table_S3A
MRPS26,31.55,32.27,19.66,39.95,Table_S3A
POP7,29.65,38.54,23.48,48.43,Table_S3A
SDC4,145.69,193.61,117.88,190.76,Table_S3A
ARMC10,6.43,8.98,5.46,5.64,Table_S3A
COQ2,3.53,4.15,2.53,2.74,Table_S3A
GTF3A,19.30,24.82,15.08,17.77,Table_S3A
PCK2,7.34,6.52,3.94,7.82,Table_S3A
FAM96A,7.55,8.67,5.23,5.51,Table_S3A
C1orf174,5.27,7.01,4.23,5.34,Table_S3A
SNHG7,7.50,9.22,5.55,10.62,Table_S3A
TCF19,4.62,6.35,3.82,7.15,Table_S3A
RP11-20I23.1,4.39,5.92,3.56,5.34,Table_S3A
GRAMD1B,1.03,1.13,0.68,0.89,Table_S3A
PC,6.22,5.38,3.23,8.46,Table_S3A
MAZ,45.86,53.02,31.80,80.97,Table_S3A
ANKS6,5.07,4.87,2.91,5.32,Table_S3A
TOR3A,11.23,12.74,7.56,16.32,Table_S3A
SHOX2,4.20,3.43,2.03,2.32,Table_S3A
ARHGAP35,8.25,10.17,6.01,6.55,Table_S3A
SMO,5.10,6.07,3.59,8.53,Table_S3A
BCAT2,3.43,2.88,1.70,3.55,Table_S3A
SCRIB,16.35,21.39,12.56,28.67,Table_S3A
ULK3,7.41,8.32,4.88,9.42,Table_S3A
DOCK2,0.50,0.37,0.21,0.19,Table_S3A
CHCHD4,7.37,9.64,5.64,7.80,Table_S3A
BUD13,7.74,11.21,6.55,9.07,Table_S3A
FAM136A,11.07,14.79,8.61,11.32,Table_S3A
AZI1,3.54,4.35,2.53,5.55,Table_S3A
SRD5A1,2.59,3.82,2.22,3.77,Table_S3A
RNF166,2.09,2.67,1.55,2.64,Table_S3A
ZNHIT3,2.43,3.08,1.78,2.08,Table_S3A
RHOB,81.14,79.83,46.12,103.03,Table_S3A
AC093323.3,5.65,5.79,3.34,3.85,Table_S3A
FAM171A1,9.21,12.16,7.01,10.08,Table_S3A
BAIAP2,2.78,2.48,1.43,3.47,Table_S3A
PLP2,67.51,76.63,44.07,93.86,Table_S3A
PGRMC2,24.60,26.78,15.34,17.86,Table_S3A
TCFL5,3.98,5.13,2.94,3.70,Table_S3A
POU6F1,2.22,3.10,1.77,3.49,Table_S3A
CARD9,3.95,3.62,2.06,4.07,Table_S3A
PI4KAP1,1.36,1.49,0.85,1.42,Table_S3A
CTA-217C2.1,2.58,2.50,1.42,2.97,Table_S3A
N6AMT1,2.51,2.53,1.44,1.61,Table_S3A
RAD51L3-RFFL,2.85,3.69,2.09,3.49,Table_S3A
RALGDS,4.59,6.55,3.71,8.82,Table_S3A
TTC19,3.38,4.48,2.54,2.89,Table_S3A
FTSJ2,12.75,17.05,9.65,14.73,Table_S3A
WTIP,4.44,5.06,2.86,6.42,Table_S3A
CPOX,8.49,12.33,6.98,7.52,Table_S3A
RAD51,2.33,3.48,1.96,3.05,Table_S3A
ARL3,5.80,7.08,4.00,4.89,Table_S3A
AP4M1,6.27,7.16,4.03,9.49,Table_S3A
TTC7A,12.68,11.50,6.46,14.58,Table_S3A
NINL,2.08,2.30,1.29,1.68,Table_S3A
C11orf80,1.07,1.41,0.79,1.19,Table_S3A
MTMR4,9.29,12.54,7.01,9.37,Table_S3A
EXOG,4.35,5.35,2.99,3.82,Table_S3A
GAREML,0.95,1.27,0.71,1.49,Table_S3A
ERLIN1,10.98,15.17,8.45,9.69,Table_S3A
TBC1D24,1.89,1.74,0.96,2.35,Table_S3A
N6AMT2,4.72,4.66,2.59,3.40,Table_S3A
SIVA1,13.33,18.85,10.46,25.69,Table_S3A
FSTL3,13.42,15.57,8.63,25.40,Table_S3A
CTBP2,11.32,15.43,8.55,11.23,Table_S3A
ZNF18,1.92,1.43,0.79,0.83,Table_S3A
NPIPA1,7.19,8.88,4.90,8.13,Table_S3A
RGS12,1.55,1.95,1.07,1.82,Table_S3A
C1orf233,5.75,5.25,2.88,7.38,Table_S3A
ANKRD13A,9.27,10.85,5.94,7.34,Table_S3A
SLC25A22,7.45,11.06,6.05,14.60,Table_S3A
C6orf136,3.44,4.01,2.19,4.82,Table_S3A
SLC23A3,1.83,1.99,1.09,1.51,Table_S3A
LSR,1.06,1.11,0.60,1.60,Table_S3A
PXMP2,4.73,6.10,3.32,6.82,Table_S3A
FN3KRP,8.12,11.01,5.99,12.75,Table_S3A
HOXC11,4.13,5.26,2.85,6.15,Table_S3A
ISL2,3.18,3.25,1.76,4.10,Table_S3A
APITD1,1.91,1.29,0.69,1.01,Table_S3A
BOK,23.79,35.09,18.90,47.77,Table_S3A
LCAT,5.22,5.24,2.82,4.84,Table_S3A
ALKBH2,6.32,8.42,4.53,10.58,Table_S3A
LRRC24,1.13,1.03,0.55,1.31,Table_S3A
STAMBPL1,4.54,3.35,1.79,1.81,Table_S3A
ACTR5,4.31,5.48,2.93,5.55,Table_S3A
HHEX,3.48,3.47,1.86,2.18,Table_S3A
PABPC1L,2.09,2.40,1.28,1.70,Table_S3A
DGCR8,11.71,15.86,8.47,16.80,Table_S3A
PDCL3,6.04,6.48,3.46,4.58,Table_S3A
BOLA3-AS1,1.36,1.92,1.02,1.28,Table_S3A
FBXO41,1.32,1.78,0.95,1.92,Table_S3A
KCNC4,2.11,1.97,1.04,2.46,Table_S3A
CTDSPL,10.52,10.44,5.53,7.69,Table_S3A
MAGEE1,0.85,1.00,0.53,1.00,Table_S3A
RECQL4,3.30,4.09,2.15,5.57,Table_S3A
CLDN23,2.88,2.35,1.23,2.86,Table_S3A
HOTAIR,3.53,3.91,2.05,2.70,Table_S3A
SETD8,10.18,13.86,7.27,10.60,Table_S3A
TPMT,4.56,5.20,2.72,2.95,Table_S3A
SSBP3,9.50,10.47,5.48,11.01,Table_S3A
RBFA,6.14,7.48,3.90,7.26,Table_S3A
PRPSAP2,2.41,1.81,0.94,1.13,Table_S3A
SLC29A1,11.35,12.28,6.39,19.33,Table_S3A
PBX3,5.02,5.11,2.65,3.53,Table_S3A
TMEM38A,0.44,0.57,0.30,0.67,Table_S3A
NMB,4.65,6.83,3.51,9.42,Table_S3A
ENDOD1,1.80,2.20,1.13,1.42,Table_S3A
PCNT,3.27,4.18,2.15,2.88,Table_S3A
ZNF250,1.00,1.13,0.58,0.83,Table_S3A
SSBP2,1.41,2.10,1.08,1.48,Table_S3A
GRB10,3.40,4.12,2.11,3.60,Table_S3A
FAM171A2,2.68,2.02,1.03,2.43,Table_S3A
SCD5,6.38,8.52,4.35,5.55,Table_S3A
RP11-802E16.3,2.32,2.99,1.52,3.16,Table_S3A
PGBD2,1.27,1.86,0.95,1.07,Table_S3A
GALNT14,2.74,3.60,1.83,4.97,Table_S3A
LRP5L,0.58,0.77,0.39,0.68,Table_S3A
CNN3,50.16,71.00,36.06,47.40,Table_S3A
EPHB4,14.46,15.14,7.67,21.20,Table_S3A
ACYP1,2.22,1.60,0.81,0.89,Table_S3A
SMYD4,1.98,2.67,1.34,2.78,Table_S3A
TUFT1,2.85,2.79,1.40,3.55,Table_S3A
CDIP1,4.32,6.38,3.17,8.13,Table_S3A
LRIG3,5.80,4.18,2.07,2.19,Table_S3A
TREH,1.58,1.81,0.90,1.41,Table_S3A
SPAG4,0.76,1.09,0.54,0.97,Table_S3A
DIS3L,2.97,3.42,1.69,2.09,Table_S3A
CBS,8.99,12.61,6.24,14.70,Table_S3A
PRKAG2,1.68,2.07,1.02,1.40,Table_S3A
GCSH,1.10,1.47,0.72,1.26,Table_S3A
RBBP7,9.29,13.20,6.46,8.36,Table_S3A
HAUS7,1.66,2.32,1.13,1.92,Table_S3A
GTPBP3,2.26,3.29,1.60,3.42,Table_S3A
WDR34,19.95,22.65,11.00,30.87,Table_S3A
EXO5,2.47,2.96,1.44,2.70,Table_S3A
FAM216A,2.72,3.23,1.56,2.14,Table_S3A
WI2-3658N16.1,1.99,2.60,1.26,1.68,Table_S3A
CKB,3.81,5.57,2.69,8.22,Table_S3A
STRA13,15.20,21.71,10.47,27.35,Table_S3A
C9orf142,14.65,16.44,7.92,20.34,Table_S3A
RNF157,2.45,2.17,1.05,3.12,Table_S3A
NCKIPSD,5.97,7.67,3.69,9.51,Table_S3A
COX20,2.55,3.73,1.79,1.89,Table_S3A
C9orf40,4.12,5.79,2.78,4.72,Table_S3A
GSDMB,1.09,1.13,0.54,0.99,Table_S3A
UBL4A,23.51,33.00,15.81,43.63,Table_S3A
MAST3,2.27,3.00,1.44,4.12,Table_S3A
LPAR2,1.57,1.57,0.75,2.01,Table_S3A
SLC2A4RG,22.67,31.33,14.89,40.11,Table_S3A
RAB40B,2.33,2.36,1.12,2.02,Table_S3A
ACTR3B,0.89,1.25,0.59,1.07,Table_S3A
PRMT6,9.90,11.39,5.36,8.31,Table_S3A
CHAF1A,3.95,5.58,2.63,6.62,Table_S3A
TOB1,8.53,9.54,4.47,6.10,Table_S3A
KIAA0513,2.77,2.66,1.25,3.00,Table_S3A
PUSL1,8.32,10.30,4.81,13.50,Table_S3A
IQCC,1.04,1.25,0.58,1.57,Table_S3A
TMC7,0.18,0.24,0.11,0.17,Table_S3A
CBX1,16.21,21.20,9.83,13.45,Table_S3A
NFKBID,1.70,1.70,0.78,2.66,Table_S3A
LIG1,2.00,2.60,1.19,2.63,Table_S3A
THEM6,5.06,4.51,2.07,7.64,Table_S3A
FOXRED2,3.24,4.83,2.20,6.31,Table_S3A
RP11-512M8.5,2.79,3.77,1.72,1.66,Table_S3A
ZNF786,1.89,1.52,0.70,1.23,Table_S3A
PCDH7,2.46,3.50,1.59,2.89,Table_S3A
SH3RF1,4.77,5.83,2.64,3.63,Table_S3A
LRRC45,3.17,3.41,1.54,4.02,Table_S3A
B4GALNT4,1.99,2.51,1.12,3.52,Table_S3A
KCNK2,5.35,7.01,3.13,3.76,Table_S3A
RASIP1,0.25,0.31,0.14,0.33,Table_S3A
SMCO4,5.01,7.48,3.31,7.32,Table_S3A
HSPB11,2.93,4.21,1.86,3.20,Table_S3A
TIGD5,3.92,4.87,2.15,7.02,Table_S3A
PIK3C2B,0.27,0.27,0.12,0.27,Table_S3A
THAP7,9.96,13.61,5.91,20.10,Table_S3A
GABBR2,1.52,1.10,0.48,0.85,Table_S3A
NDUFAF6,0.92,1.17,0.50,0.91,Table_S3A
NTF3,3.70,5.43,2.31,3.42,Table_S3A
TPRN,4.39,5.77,2.46,7.51,Table_S3A
PITX2,0.53,0.59,0.25,0.55,Table_S3A
KLF2,10.46,14.35,5.93,17.27,Table_S3A
FZD1,8.87,9.82,4.05,8.29,Table_S3A
PIDD,3.06,3.84,1.58,5.11,Table_S3A
CAMK2A,0.17,0.21,0.09,0.23,Table_S3A
CAMKK1,2.89,2.54,1.03,3.58,Table_S3A
NECAB3,3.91,5.42,2.19,6.80,Table_S3A
C21orf58,0.70,0.75,0.30,0.58,Table_S3A
TADA1,2.33,3.04,1.20,2.05,Table_S3A
ABHD6,2.05,2.60,1.02,2.41,Table_S3A
CNNM1,1.66,1.44,0.56,1.22,Table_S3A
CISD2,7.11,10.49,4.09,6.85,Table_S3A
ARSI,5.38,7.51,2.92,11.98,Table_S3A
ITPKA,1.66,1.79,0.70,1.61,Table_S3A
CDCA7L,7.97,11.74,4.54,7.77,Table_S3A
TBXA2R,0.93,1.17,0.45,1.78,Table_S3A
DISP1,1.19,1.33,0.51,0.91,Table_S3A
FAM185A,0.67,0.89,0.34,0.47,Table_S3A
HAGHL,2.24,2.95,1.13,3.18,Table_S3A
ZNF703,30.27,29.78,11.33,40.80,Table_S3A
ACACB,0.31,0.39,0.15,0.35,Table_S3A
SKP2,4.58,5.09,1.92,2.97,Table_S3A
PARP16,1.59,2.30,0.86,2.47,Table_S3A
LA16c-306E5.3,1.59,2.27,0.85,1.00,Table_S3A
ZNF69,1.02,1.26,0.47,0.86,Table_S3A
RASSF7,2.40,2.33,0.86,3.00,Table_S3A
SOGA2,3.75,3.93,1.45,2.99,Table_S3A
SLC4A11,1.27,1.56,0.56,1.66,Table_S3A
AC025335.1,7.73,8.82,3.17,8.19,Table_S3A
RHBDL1,0.62,0.81,0.29,0.96,Table_S3A
ELMO1,0.39,0.55,0.20,0.55,Table_S3A
CDKL1,0.27,0.34,0.12,0.25,Table_S3A
FOXD1,4.75,5.72,2.03,5.78,Table_S3A
KIF26B,7.84,7.95,2.80,7.42,Table_S3A
ABHD11,6.34,6.71,2.36,8.94,Table_S3A
CELSR3,0.53,0.76,0.27,0.79,Table_S3A
FAM53A,0.64,0.82,0.29,0.95,Table_S3A
GRASP,3.63,4.27,1.48,5.66,Table_S3A
TTYH2,0.16,0.23,0.08,0.23,Table_S3A
RBM34,0.72,1.06,0.36,0.62,Table_S3A
HAUS8,1.58,2.14,0.72,1.78,Table_S3A
SLC25A10_2,3.80,5.10,1.68,8.01,Table_S3A
ANP32A,4.84,6.63,2.19,4.09,Table_S3A
RP11-320M2.1,0.22,0.26,0.09,0.14,Table_S3A
BAG2,9.11,7.56,2.47,5.13,Table_S3A
ANKRD13B,1.62,1.84,0.60,3.08,Table_S3A
KIAA1161,0.32,0.40,0.13,0.45,Table_S3A
EPHA4,1.35,1.22,0.38,0.70,Table_S3A
ID3,11.44,14.61,4.52,21.08,Table_S3A
C22orf31,0.51,0.54,0.17,0.70,Table_S3A
KIAA0922,1.99,2.69,0.81,1.49,Table_S3A
ING2,5.25,7.10,2.13,5.03,Table_S3A
USP51,0.39,0.37,0.11,0.20,Table_S3A
SPTLC3,0.17,0.20,0.06,0.10,Table_S3A
PRR19,0.68,0.79,0.23,1.34,Table_S3A
C16orf93,0.65,0.87,0.25,1.35,Table_S3A
RNF208,1.33,1.89,0.54,2.31,Table_S3A
EFNA5,0.68,0.99,0.28,0.61,Table_S3A
RP11-253M7.1,0.58,0.39,0.11,0.19,Table_S3A
GAL,19.58,26.45,7.24,37.94,Table_S3A
TMEM240,2.24,2.84,0.78,3.56,Table_S3A
DEF6,0.32,0.31,0.09,0.24,Table_S3A
SMAD6,3.98,3.22,0.83,3.54,Table_S3A
RP1-152L7.5,1.53,1.33,0.34,0.75,Table_S3A
PRICKLE1,2.86,2.60,0.64,2.09,Table_S3A
ST3GAL5,2.36,3.03,0.71,2.30,Table_S3A
DUSP4,2.43,3.37,0.72,3.87,Table_S3A
PDGFA,3.70,5.52,1.13,5.34,Table_S3A
TRIM45,0.55,0.77,0.16,0.86,Table_S3A
CTD-2540B15.11,1.28,1.51,0.29,2.50,Table_S3A
RP11-867G23.8,0.22,0.31,0.06,0.38,Table_S3A
RP11-161M6.2,0.22,0.27,0.05,0.20,Table_S3A
CEBPA,0.35,0.48,0.08,0.81,Table_S3A
PRSS36,0.21,0.25,0.04,0.37,Table_S3A
JAG2,0.15,0.16,0.02,0.10,Table_S3A
C3orf80,0.79,1.10,0.14,1.06,Table_S3A
PHACTR3,0.09,0.07,0.01,0.04,Table_S3A
MIR503HG,8.84,12.09,1.35,11.49,Table_S3A
AC008738.1,0.37,0.42,0.04,0.69,Table_S3A
SPATA31E1,0.01,0.00,0.11,0.01,Table_S3B
IL19,0.13,0.16,2.86,0.13,Table_S3B
ETV7,0.21,0.29,2.96,0.42,Table_S3B
FAM107A,0.06,0.05,0.52,0.06,Table_S3B
SOCS1,1.25,1.06,9.97,3.41,Table_S3B
RGS4,5.36,6.66,41.35,4.90,Table_S3B
ABCG1,0.14,0.11,0.66,0.13,Table_S3B
SEMA4B,2.93,3.72,19.00,4.43,Table_S3B
HELZ2,4.38,3.21,15.58,4.22,Table_S3B
APOL6,2.61,2.06,9.93,1.56,Table_S3B
DLL1,1.48,1.11,4.68,0.87,Table_S3B
PRDM1,4.71,5.61,23.68,4.25,Table_S3B
C6orf132,1.13,1.15,4.82,1.28,Table_S3B
NOD1,0.91,1.06,4.42,1.27,Table_S3B
EPSTI1,0.61,0.47,1.90,0.34,Table_S3B
TRAFD1,10.52,8.68,32.86,9.24,Table_S3B
ANGPTL4,11.81,7.95,29.34,18.39,Table_S3B
MMP1,326.93,276.77,1013.37,189.05,Table_S3B
MIR143HG,0.46,0.37,1.34,0.27,Table_S3B
SBNO2,16.05,16.37,58.63,22.18,Table_S3B
ZFYVE26,2.31,1.73,6.07,1.54,Table_S3B
CHI3L1,1.52,1.90,6.28,1.69,Table_S3B
BCL6,4.29,3.69,12.13,2.68,Table_S3B
LRRC32,8.49,8.32,27.06,10.66,Table_S3B
ITPKC,16.11,12.28,39.19,16.11,Table_S3B
TRAF3IP2,5.05,5.07,15.83,4.90,Table_S3B
FCRLB,1.01,0.84,2.61,0.59,Table_S3B
OAS3,1.23,1.43,4.39,1.93,Table_S3B
TAP1,7.67,10.08,30.72,10.68,Table_S3B
DTX4,5.93,8.01,22.65,9.33,Table_S3B
GYG2,1.64,1.58,4.27,1.87,Table_S3B
IRF7,3.83,2.92,7.85,4.49,Table_S3B
ST5,7.33,6.24,16.69,6.81,Table_S3B
SIPA1L2,5.37,7.73,19.73,5.19,Table_S3B
RP11-54A9.1,2.91,2.06,5.17,1.62,Table_S3B
ASPHD2,0.96,1.07,2.59,1.15,Table_S3B
APOL1,1.47,1.31,3.04,1.78,Table_S3B
UBE2L6,20.73,13.71,31.67,15.54,Table_S3B
TRIM16,6.26,4.23,9.72,6.62,Table_S3B
STARD13,6.04,4.70,10.74,3.29,Table_S3B
BAK1,19.77,13.32,30.43,19.49,Table_S3B
STARD8,1.20,0.90,2.04,1.26,Table_S3B
SPRED3,1.30,1.08,2.43,1.17,Table_S3B
SPSB1,16.60,18.79,42.22,21.28,Table_S3B
FAM65C,7.44,7.63,17.06,7.27,Table_S3B
TMEM217,1.16,1.64,3.61,1.45,Table_S3B
ACSS3,1.11,0.77,1.67,0.51,Table_S3B
ELL,9.17,12.45,27.06,15.05,Table_S3B
WBP1L,23.25,16.37,35.21,19.16,Table_S3B
TGM2,90.09,116.77,250.74,167.83,Table_S3B
PPM1H,0.19,0.17,0.36,0.19,Table_S3B
AMOTL2,23.92,21.02,44.42,19.64,Table_S3B
TRIM69,1.25,0.85,1.79,0.61,Table_S3B
EMILIN2,14.36,14.73,30.73,14.58,Table_S3B
KIAA1467,0.87,0.61,1.27,0.55,Table_S3B
BAG3,38.04,28.99,59.20,36.51,Table_S3B
PSMB8,16.89,11.99,23.84,14.60,Table_S3B
VGLL4,4.26,3.29,6.53,2.56,Table_S3B
HLX,4.58,3.80,7.53,5.49,Table_S3B
KCNE4,0.97,0.79,1.56,0.79,Table_S3B
PNKD,6.33,4.73,9.28,7.16,Table_S3B
HSD17B7,1.45,1.21,2.37,0.93,Table_S3B
MMP14,271.03,196.51,384.45,234.49,Table_S3B
TBC1D22B,4.20,3.08,6.02,3.33,Table_S3B
JAK3,2.90,3.99,7.72,3.74,Table_S3B
FBXO6,3.39,2.66,5.13,2.71,Table_S3B
C2orf27A,1.56,1.24,2.39,1.27,Table_S3B
RNF24,16.79,24.11,46.30,19.59,Table_S3B
C3,5.83,7.16,13.74,8.01,Table_S3B
RAB3IL1,15.33,11.54,22.05,16.03,Table_S3B
COL27A1,5.38,7.94,15.15,7.14,Table_S3B
RAP2B,5.72,4.67,8.87,3.35,Table_S3B
RRAGC,7.56,6.48,12.22,4.42,Table_S3B
FLOT2,25.78,23.75,44.76,28.28,Table_S3B
POR,11.80,10.28,19.37,14.87,Table_S3B
ZFYVE28,1.11,0.91,1.71,0.88,Table_S3B
PHACTR1,1.07,1.59,2.98,1.34,Table_S3B
ASB6,21.12,20.16,37.65,27.94,Table_S3B
IRF1,7.89,6.11,11.32,7.01,Table_S3B
RGMA,0.72,0.63,1.17,0.85,Table_S3B
HK1,28.15,31.79,58.57,35.10,Table_S3B
SLC15A3,1.87,1.67,3.08,2.09,Table_S3B
MOB3C,0.89,0.96,1.75,1.46,Table_S3B
CDC42EP2,42.64,32.00,57.80,41.26,Table_S3B
STOM,49.19,69.85,125.89,48.58,Table_S3B
MAPK14,9.77,10.77,19.27,6.99,Table_S3B
LINC01137,2.49,3.30,5.85,3.58,Table_S3B
BAZ2A,9.79,8.80,15.60,8.24,Table_S3B
ARF3,45.00,38.49,68.00,46.86,Table_S3B
LTBR,29.30,22.99,40.56,30.12,Table_S3B
WBP2,11.25,7.83,13.77,10.39,Table_S3B
SFXN5,2.38,3.36,5.84,4.14,Table_S3B
TNFRSF1A,78.39,53.13,92.18,69.03,Table_S3B
HS6ST1,9.04,9.20,15.94,11.25,Table_S3B
IFFO2,4.77,3.40,5.87,4.31,Table_S3B
HJURP,2.71,1.90,3.27,1.31,Table_S3B
PPFIBP2,0.83,0.80,1.38,0.70,Table_S3B
TMEM115,29.94,20.85,35.63,34.00,Table_S3B
PLK1,3.63,2.69,4.57,4.36,Table_S3B
AP5Z1,11.40,9.08,15.34,14.65,Table_S3B
CEBPB,111.86,95.75,161.29,135.79,Table_S3B
A4GALT,13.12,16.05,26.87,19.64,Table_S3B
EXD2,2.47,2.04,3.40,1.93,Table_S3B
USP18,3.43,2.62,4.37,2.62,Table_S3B
KCTD10,14.36,10.27,17.11,10.70,Table_S3B
PSEN2,5.89,4.18,6.94,5.66,Table_S3B
RAB5B,32.26,21.42,35.37,17.66,Table_S3B
BTBD9,2.05,1.79,2.95,1.40,Table_S3B
GYS1,12.82,11.15,18.29,15.00,Table_S3B
ZFP36,21.95,30.36,49.62,34.85,Table_S3B
TEP1,3.72,2.54,4.15,2.34,Table_S3B
CCDC69,2.57,2.33,3.81,2.64,Table_S3B
ZNF689,1.68,1.27,2.06,1.76,Table_S3B
GTSE1,2.30,1.67,2.71,2.47,Table_S3B
PITRM1,15.72,20.15,32.68,18.55,Table_S3B
ADAR,26.93,30.89,49.99,22.99,Table_S3B
ACVR1B,6.19,8.12,13.13,6.18,Table_S3B
SLC25A44,6.37,5.35,8.64,6.17,Table_S3B
MED27,15.50,11.64,18.77,13.93,Table_S3B
WARS,36.74,33.03,53.23,30.31,Table_S3B
FPGS,16.05,12.65,20.35,16.44,Table_S3B
DHX8,6.92,6.22,10.00,5.04,Table_S3B
GBF1,16.42,11.69,18.79,11.79,Table_S3B
C17orf103,3.62,4.07,6.53,5.34,Table_S3B
SMAD7,8.72,12.30,19.68,13.28,Table_S3B
COASY,14.33,9.84,15.72,12.40,Table_S3B
CTNND1,15.32,18.91,30.17,13.09,Table_S3B
COPG1,69.17,50.52,80.43,48.73,Table_S3B
PSMB10,17.21,12.37,19.68,16.33,Table_S3B
RNF185,20.68,16.89,26.88,17.78,Table_S3B
MAX,17.29,12.27,19.51,11.63,Table_S3B
ISY1-RAB43,12.04,8.55,13.57,9.32,Table_S3B
SYS1,4.84,3.72,5.89,4.96,Table_S3B
GATAD2B,4.28,3.07,4.85,3.10,Table_S3B
ABCF3,11.21,7.36,11.58,10.09,Table_S3B
BTN3A1,3.96,3.30,5.19,2.70,Table_S3B
DCAF8_1,11.96,9.30,14.61,9.03,Table_S3B
TTC9C,7.15,6.94,10.88,6.79,Table_S3B
IP6K1,20.44,16.02,24.99,23.30,Table_S3B
MED8,18.87,12.68,19.77,12.17,Table_S3B
LRP10,75.24,52.34,81.38,69.16,Table_S3B
TAPBP,26.90,27.75,43.13,30.82,Table_S3B
POLR3A,4.44,4.41,6.85,3.51,Table_S3B
SEC24C,27.18,20.12,31.21,25.07,Table_S3B
SUPT6H,18.36,20.04,31.01,17.86,Table_S3B
ISG20,0.80,1.12,1.73,1.39,Table_S3B
IFITM1,17.27,15.01,23.21,18.93,Table_S3B
TBC1D2B,10.96,7.58,11.70,8.36,Table_S3B
NECAP1,5.25,5.55,8.57,4.12,Table_S3B
KIF20A,3.78,2.65,4.09,1.95,Table_S3B
ATG13,16.17,12.87,19.85,15.70,Table_S3B
CDCA3,1.48,0.99,1.52,1.33,Table_S3B
FAM43A,62.61,48.15,74.11,62.84,Table_S3B
NDRG1,25.87,32.91,50.43,42.55,Table_S3B
PLEKHM2,40.37,36.71,56.09,51.85,Table_S3B
MAVS,18.00,15.83,24.17,18.86,Table_S3B
TAF8,2.56,2.02,3.08,1.53,Table_S3B
ELMO2,8.91,7.02,10.61,6.90,Table_S3B
ZDHHC9,17.58,17.60,26.51,21.01,Table_S3B
LZTR1,13.42,9.82,14.77,12.29,Table_S3B
UBE3B,3.88,2.78,4.17,2.59,Table_S3B
TRAPPC3,17.66,12.32,18.49,13.46,Table_S3B
SHC1,117.20,84.75,127.07,107.77,Table_S3B
SZT2,3.25,2.17,3.25,2.35,Table_S3B
DHX16,14.71,11.68,17.50,14.84,Table_S3B
SH3BP2,3.59,4.04,6.04,3.87,Table_S3B
