id,name,read,pattern,sequence,feature_type,target_gene_id,target_gene_name
MYR1,MYR1,R2,(BC)GTTTAAGAGCTATGCTGGAA,GGGACAACACGCCTCTACGG,CRISPR Guide Capture,Non-Targeting,Non-Targeting
UPRT,UPRT,R2,(BC)GTTTAAGAGCTATGCTGGAA,GAGGAGGCGAATCAGGCGGT,CRISPR Guide Capture,Non-Targeting,Non-Targeting
IST,IST,R2,(BC)GTTTAAGAGCTATGCTGGAA,GATGCAGGCCAGGCGCTTGG,CRISPR Guide Capture,Non-Targeting,Non-Targeting
HCE1,HCE1,R2,(BC)GTTTAAGAGCTATGCTGGAA,GCTATCATTGCCAACACACT,CRISPR Guide Capture,Non-Targeting,Non-Targeting
GRA15,GRA15,R2,(BC)GTTTAAGAGCTATGCTGGAA,GCGATCTGTCCGACTCAGTG,CRISPR Guide Capture,Non-Targeting,Non-Targeting
ROP16,ROP16,R2,(BC)GTTTAAGAGCTATGCTGGAA,GCTGAAGTAGGTCTCGGTGC,CRISPR Guide Capture,Non-Targeting,Non-Targeting
GRA6,GRA6,R2,(BC)GTTTAAGAGCTATGCTGGAA,GTCGCTGTCGCAGCAGACAG,CRISPR Guide Capture,Non-Targeting,Non-Targeting
GRA7,GRA7,R2,(BC)GTTTAAGAGCTATGCTGGAA,GCTGGTGGTGAGGTGATCGT,CRISPR Guide Capture,Non-Targeting,Non-Targeting
GRA16,GRA16,R2,(BC)GTTTAAGAGCTATGCTGGAA,GTGGCGTCGGAGGCGATCCG,CRISPR Guide Capture,Non-Targeting,Non-Targeting
GRA24,GRA24,R2,(BC)GTTTAAGAGCTATGCTGGAA,GATCCAGACTCTCGTTCCTT,CRISPR Guide Capture,Non-Targeting,Non-Targeting
ROP18,ROP18,R2,(BC)GTTTAAGAGCTATGCTGGAA,GCCTCTGTCGTACGGACAGA,CRISPR Guide Capture,Non-Targeting,Non-Targeting
GRA18,GRA18,R2,(BC)GTTTAAGAGCTATGCTGGAA,GAATCGCGGTGAATGCGGAG,CRISPR Guide Capture,Non-Targeting,Non-Targeting
PP2CHN,PP2CHN,R2,(BC)GTTTAAGAGCTATGCTGGAA,GCATGGAGCACTGCGAAGAG,CRISPR Guide Capture,Non-Targeting,Non-Targeting
ROP47,ROP47,R2,(BC)GTTTAAGAGCTATGCTGGAA,GAAGTGCGTCGGCAGATATA,CRISPR Guide Capture,Non-Targeting,Non-Targeting
GRA28,GRA28,R2,(BC)GTTTAAGAGCTATGCTGGAA,GCTAGTTGGCGAGTGCGCTG,CRISPR Guide Capture,Non-Targeting,Non-Targeting
GRA25,GRA25,R2,(BC)GTTTAAGAGCTATGCTGGAA,GGAAGAGTATGACTCCATGG,CRISPR Guide Capture,Non-Targeting,Non-Targeting
GRA14,GRA14,R2,(BC)GTTTAAGAGCTATGCTGGAA,GCTTCTAACGAGTGAAGCAG,CRISPR Guide Capture,Non-Targeting,Non-Targeting
ROP1,ROP1,R2,(BC)GTTTAAGAGCTATGCTGGAA,GCCTACGGAAGAGCAACAGG,CRISPR Guide Capture,Non-Targeting,Non-Targeting
TGME49_202200,TGME49_202200,R2,(BC)GTTTAAGAGCTATGCTGGAA,GTGCGTGTACGCACAGGAGA,CRISPR Guide Capture,Non-Targeting,Non-Targeting
TGME49_202620,TGME49_202620,R2,(BC)GTTTAAGAGCTATGCTGGAA,GCGCTCCTGGCTCTACCAGG,CRISPR Guide Capture,Non-Targeting,Non-Targeting
TGME49_217530,TGME49_217530,R2,(BC)GTTTAAGAGCTATGCTGGAA,GGTCAGCGTGTGCCTCACTC,CRISPR Guide Capture,Non-Targeting,Non-Targeting
TGME49_262400,TGME49_262400,R2,(BC)GTTTAAGAGCTATGCTGGAA,GCTTGCACACGTTGCAGGAG,CRISPR Guide Capture,Non-Targeting,Non-Targeting
TGME49_304955,TGME49_304955,R2,(BC)GTTTAAGAGCTATGCTGGAA,GCCGGCCGCGCATGTGTCTG,CRISPR Guide Capture,Non-Targeting,Non-Targeting
TGME49_313440,TGME49_313440,R2,(BC)GTTTAAGAGCTATGCTGGAA,GCGACGGGATAAGGTACGTG,CRISPR Guide Capture,Non-Targeting,Non-Targeting
